Changelog Title,Slug,Release Date,Audiences,Main Image,Excerpt,Description,Meta Title,Meta Description,_source_url
Adfin Autopilot for smarter credit control,adfin-autopilot-for-smarter-credit-control,2025-10-08T00:00:00Z,Accountants & Bookkeepers,https://cdn.prod.website-files.com/663944fa0339e7ff8f65838d/68e55a41f3657e538ad8740f_Screenshot%202025-10-07%20at%2019.21.44.png,"<p id="""">Say hello to smarter, hands-off credit control 🚀</p><p id="""">‍</p><p id=""""><strong id="""">🤖 </strong>Autopilot is an end-to-end agentic AI chasing tool. Autopilot can take your existing chasing message templates, adapt them to the relevant context, and send them: automatically.</p><p id="""">‍</p><p id="""">Adfin now supports connecting to your own email domain, so chasers can come from your email address. More personal chasing = faster payment 📧&nbsp;</p><p id="""">‍</p>","<p id="""">Say hello to smarter, hands-off credit control 🚀</p><p id="""">‍</p><p id=""""><strong id="""">🤖 </strong>Autopilot is an end-to-end agentic AI chasing tool. Autopilot can take your existing chasing message templates, adapt them to the relevant context, and send them: automatically.</p><p id="""">‍</p><p id="""">Adfin now supports connecting to your own email domain, so chasers can come from your email address. More personal chasing = faster payment 📧&nbsp;</p><p id="""">‍</p>",,,https://adfin.com/changelog/adfin-autopilot-for-smarter-credit-control
An upgraded look for your direct debit mandate page,an-upgraded-look-for-your-direct-debit-mandate-page,2025-09-23T00:00:00Z,Accountants & Bookkeepers,https://cdn.prod.website-files.com/663944fa0339e7ff8f65838d/68e54fbee35ed39476e235da_Screenshot%202025-10-07%20at%2018.36.54.png,"<p id="""">We’ve refreshed the direct debit page to put your brand front and centre 🎨. It’s cleaner, more modern, and easier for your clients to complete their mandates 💪</p><p id="""">‍</p><p id="""">Better experiences for them, smoother payments for you 💷</p><p id="""">‍</p>","<p id="""">We’ve refreshed the direct debit page to put your brand front and centre 🎨. It’s cleaner, more modern, and easier for your clients to complete their mandates 💪</p><p id="""">‍</p><p id="""">Better experiences for them, smoother payments for you 💷</p><p id="""">‍</p>",,,https://adfin.com/changelog/an-upgraded-look-for-your-direct-debit-mandate-page
Customise your layouts and save views,customise-your-layouts-and-save-views,2025-09-15T00:00:00Z,Accountants & Bookkeepers,https://cdn.prod.website-files.com/663944fa0339e7ff8f65838d/68e5536a78839a730c77c3be_Screenshot%202025-10-07%20at%2018.52.34.png,"<p id="""">Make Adfin work your way 🙌</p><p>‍</p><p id="""">You can now add, remove, and reorder columns, and filter your data more flexibly than ever ✨</p><p>‍</p><p id="""">You can also save sets of filters as views, making it easy for your team to manage activity in Adfin. </p><p>‍</p>","<p id="""">Make Adfin work your way 🙌</p><p>‍</p><p id="""">You can now add, remove, and reorder columns, and filter your data more flexibly than ever ✨</p><p>‍</p><p id="""">You can also save sets of filters as views, making it easy for your team to manage activity in Adfin. </p><p>‍</p>",,,https://adfin.com/changelog/customise-your-layouts-and-save-views
Enhanced direct debit statuses,enhanced-direct-debit-statuses,2024-11-18T00:00:00Z,Accountants & Bookkeepers,https://cdn.prod.website-files.com/663944fa0339e7ff8f65838d/673b2d8ed3d981cc4a668760_Screenshot%202024-11-18%20at%2012.05.27.png,"<p id="""">We’ve updated direct debit statuses to give you a clearer view of each step and when the last status change took place. </p><p>‍</p><p id="""">‍</p>","<p id="""">We’ve updated direct debit statuses to give you a clearer view of each step. The new statuses are:</p><ul id=""""><li id=""""><strong id="""">No mandate</strong>: A mandate has not yet been sent to the customer, or the previous mandate was cancelled.</li><li id=""""><strong id="""">Awaiting signature</strong>: A mandate has been sent but is pending the customer’s signature.</li><li id=""""><strong id="""">Signed</strong>: The customer has signed the mandate with valid bank details, and we’re awaiting bank confirmation before we can submit a payment (usually 3 days).</li><li id=""""><strong id="""">Active</strong>: The mandate is confirmed and ready to collect payments.</li></ul><p id="""">For a quick overview of specific actions, hover over a status. For example, hovering over “Awaiting signature” will show the date you sent the mandate to the customer.</p><p>‍</p>",,,https://adfin.com/changelog/enhanced-direct-debit-statuses
View and select your default workflow,view-and-select-your-default-workflow,2024-12-04T00:00:00Z,Accountants & Bookkeepers,https://cdn.prod.website-files.com/663944fa0339e7ff8f65838d/6751ffe3b43a4bffd288f003_Screenshot%202024-12-05%20at%2019.32.43.png,<p>Workflows are now configurable in Adfin! Head to settings to select your default set of reminders for invoices. </p>,"<p id="""">Workflows in Adfin enable you to configure different sequences of reminders, requests and activities for invoices and direct debit mandates. </p><p>‍</p><p id=""""> </p><p id="""">Head to settings &gt; workflows to view and select which reminder workflow you would like to use for one-time payment invoices. Currently you can select from four different options. In the coming weeks you will be able to configure your own custom workflows, and set preferences by customer. </p><p id=""""> </p><p>‍</p><p id="""">You can also view the sequence of activities related to direct debit mandate requests and scheduled invoices - this is currently a fixed sequence but we will be enabling you to customise this too very soon! </p><p>‍</p>",,,https://adfin.com/changelog/view-and-select-your-default-workflow
A better way to manage your recurring invoices and payments,a-better-way-to-manage-your-recurring-invoices-and-payments,2026-03-17T00:00:00Z,Accountants & Bookkeepers,https://cdn.prod.website-files.com/663944fa0339e7ff8f65838d/69baec1505b74adcb2fac080_Screenshot%202026-03-18%20at%2018.14.11.png,"<p>We’ve introduced a new <strong>Schedules dashboard</strong>, giving you a single place to view, manage, and edit your recurring invoices and payments.</p><p>‍</p><p>You can easily organise your schedules by <strong>customer, status, or type</strong>, and quickly see key details like the <strong>next charge date</strong> and <strong>end date</strong>.</p><p>‍</p><p>Like all Adfin dashboards, you can:</p><ul><li>🔍 Apply filters and sorting</li><li>💾 Save custom views for quick access</li></ul><p>Managing schedules is now simpler too — just select a schedule from the dashboard and follow the steps to make changes.</p><p>‍</p><p>👉 You can find the <strong>Schedules </strong>dashboard in the side menu.</p><p>‍</p>","<p>We’ve introduced a new <strong>Schedules dashboard</strong>, giving you a single place to view, manage, and edit your recurring invoices and payments.</p><p>‍</p><p>You can easily organise your schedules by <strong>customer, status, or type</strong>, and quickly see key details like the <strong>next charge date</strong> and <strong>end date</strong>.</p><p>‍</p><p>Like all Adfin dashboards, you can:</p><ul><li>🔍 Apply filters and sorting</li><li>💾 Save custom views for quick access</li></ul><p>Managing schedules is now simpler too — just select a schedule from the dashboard and follow the steps to make changes.</p><p>‍</p><p>👉 You can find the <strong>Schedules </strong>dashboard in the side menu.</p><p>‍</p>",,,https://adfin.com/changelog/a-better-way-to-manage-your-recurring-invoices-and-payments
A fresh new look for Adfin,a-fresh-new-look-for-adfin,2025-08-26T00:00:00Z,Accountants & Bookkeepers,https://cdn.prod.website-files.com/663944fa0339e7ff8f65838d/68e54f1868e70569ab782e9b_Screenshot%202025-10-07%20at%2018.33.55.png,"<p id="""">Over the summer ☀️ we’ve been busy giving the Adfin console a makeover. It’s now cleaner, sharper, and easier on the eyes 👀</p><p id="""">‍</p><p id="""">We’ve built everything using our brand-new design system, so it feels smoother and more consistent across the board 💫</p><p>‍</p><p id="""">We hope you love the new look as much as we do! <strong id="""">🎨 </strong></p>","<p id="""">Over the summer ☀️ we’ve been busy giving the Adfin console a makeover. It’s now cleaner, sharper, and easier on the eyes 👀</p><p id="""">‍</p><p id="""">We’ve built everything using our brand-new design system, so it feels smoother and more consistent across the board 💫</p><p id="""">‍</p><p id="""">We hope you love the new look as much as we do! <strong id="""">🎨 </strong></p><p>‍</p>",,,https://adfin.com/changelog/a-fresh-new-look-for-adfin
Accept bank transfer with automated credit control and reconciliation,bank-transfer-with-automated-credit-control-and-reconciliation,2025-10-07T00:00:00Z,Accountants & Bookkeepers,https://cdn.prod.website-files.com/663944fa0339e7ff8f65838d/68e620eb875007ba88c843f6_Screenshot%202025-10-08%20at%2009.28.59.png,"<p id="""">‍</p><p id="""">You can now<strong id=""""> </strong>accept bank transfers and let Adfin do the hard work for you 💪<br>‍<br>When your client makes a payment, Adfin automatically detects it and updates your records, so chasing stops the moment the money lands 💷<br>‍</p><p id="""">We’ll show your client intermediary bank details right on the payment page, making it simple for them and effortless for you ✨<br><br>👉 Please message us if you would like to be part of the early access group for this feature!</p><p id="""">‍</p>","<p id="""">‍</p><p id="""">You can now accept bank transfers<strong id=""""> </strong>and let Adfin do the hard work for you 💪<br>‍<br>When your client makes a payment, Adfin automatically detects it and updates your records, so chasing stops the moment the money lands 💷<br>‍</p><p id="""">We’ll show your client intermediary bank details right on the payment page, making it simple for them and effortless for you ✨<br><br>👉 Please message us if you would like to be part of the early access group for this feature!</p><p id="""">‍</p>",,,https://adfin.com/changelog/bank-transfer-with-automated-credit-control-and-reconciliation
Add Adfin payment links to your Xero invoices,add-adfin-payment-links-to-your-xero-invoices,2026-02-03T00:00:00Z,Accountants & Bookkeepers,https://cdn.prod.website-files.com/663944fa0339e7ff8f65838d/6982368a0aa0298e98b72750_Screenshot%202026-02-03%20at%2017.55.13.png,"<p>Adfin is now <strong>available as a payment method</strong> in Xero 🎉 Once connected, Adfin payment links are added automatically to your invoices. There’s nothing extra to set up, and nothing to maintain. Just send invoices and get paid faster.</p><p>‍</p><p>Good to know:</p><ul><li>Adfin is automatically added as a payment option on Xero invoices</li><li>No manual configuration is needed after reconnecting</li><li>This makes it even simpler for your clients to use Adfin and Xero</li></ul><p> 👉 Head to your <strong>Adfin dashboard and reconnect Adfin to Xero</strong>. After that, Adfin will appear automatically as a payment method on your Xero invoices.</p>","<p>Adfin is now <strong>available as a payment method</strong> in Xero 🎉 Once connected, Adfin payment links are added automatically to your invoices. There’s nothing extra to set up, and nothing to maintain. Just send invoices and get paid faster.</p><p>‍</p><p>Good to know:</p><ul><li>Adfin is automatically added as a payment option on Xero invoices</li><li>No manual configuration is needed after reconnecting</li><li>This makes it even simpler for your clients to use Adfin and Xero</li></ul><p> 👉 Head to your <strong>Adfin dashboard and reconnect Adfin to Xero</strong>. After that, Adfin will appear automatically as a payment method on your Xero invoices.</p>",,,https://adfin.com/changelog/add-adfin-payment-links-to-your-xero-invoices
Add multi-factor authentication to keep your account secure,add-multi-factor-authentication-to-keep-your-account-secure,2026-01-06T00:00:00Z,Accountants & Bookkeepers,,"<p>‍</p><p>Protect your Adfin account with multi-factor authentication (MFA), adding an extra layer of security at login 🔐</p><p>‍</p><p>When MFA is enabled, all users on your account will be prompted to set up an authentication method the next time they sign in. This helps keep your data safe, even if passwords are compromised.</p><p>‍</p>","<p>‍</p><p>Protect your Adfin account with multi-factor authentication (MFA), adding an extra layer of security at login 🔐</p><p>‍</p><p>When MFA is enabled, all users on your account will be prompted to set up an authentication method the next time they sign in. This helps keep your data safe, even if passwords are compromised.</p><p>‍</p>",,,https://adfin.com/changelog/add-multi-factor-authentication-to-keep-your-account-secure
Add your signature to Autopilot emails,add-your-signature-to-autopilot-emails,2026-01-26T00:00:00Z,Accountants & Bookkeepers,https://cdn.prod.website-files.com/663944fa0339e7ff8f65838d/6982346d6946465d689a4035_Screenshot%202026-02-03%20at%2017.46.12.png,"<p>✍️ You can now add your own email signature to Autopilot emails. It helps your messages feel more personal and trustworthy, so customers recognise you and pay faster.</p><p>‍</p><p>Just copy and paste your full signature and we’ll keep the formatting intact — <strong>including links and images</strong>. It works across Autopilot emails, so your invoices and reminders look consistent and professional.</p><p>‍</p><p><strong>👉 </strong>Head<strong> </strong>to <strong>Autopilot settings → Connected emails</strong>, and edit the signature.&nbsp;</p><p>‍</p>","<p>✍️ You can now add your own email signature to Autopilot emails. It helps your messages feel more personal and trustworthy, so customers recognise you and pay faster.</p><p>‍</p><p>Just copy and paste your full signature and we’ll keep the formatting intact — <strong>including links and images.</strong> It works across Autopilot emails, so your invoices and reminders look consistent and professional.</p><p>‍</p><p><strong>👉 </strong>Head<strong> </strong>to <strong>Autopilot settings → Connected emails</strong>, and edit the signature.&nbsp;</p><p>‍</p>",,,https://adfin.com/changelog/add-your-signature-to-autopilot-emails
Additional Adfin user email notifications,additional-adfin-user-email-notifications,2025-01-13T00:00:00Z,Accountants & Bookkeepers,https://cdn.prod.website-files.com/663944fa0339e7ff8f65838d/67855553f475d2cf2cba67e2_Screenshot%202025-01-13%20at%2018.02.51.png,"<p id="""">We've updated our Adfin user notification emails to include additional alerts. </p>","<p id="""">We've updated our Adfin user notification emails to include additional alerts. Now you'll receive an email with the required corrective action when: </p><ul id=""""><li id="""">An invoice has not been sent due to an invalid email address or phone number </li><li id="""">An invoice has not been imported from Xero / QuickBooks as the email address is invalid </li><li id="""">An invoice has not been imported from Xero / QuickBooks as currency is not supported by Adfin </li><li id="""">Xero / QuickBooks has disconnected from Adfin </li></ul>",,,https://adfin.com/changelog/additional-adfin-user-email-notifications
Adfin Autopilot integrated into workflows,adfin-autopilot-integrated-into-workflows,2025-11-14T00:00:00Z,"Accountants & Bookkeepers, Business, Lawyers",https://cdn.prod.website-files.com/663944fa0339e7ff8f65838d/691621c41924812810f7b90c_Screenshot%202025-11-13%20at%2019.21.33.png,"<p id=""""><strong id="""">🤖 </strong>Autopilot is now officially available to all Adfin users!<br>‍</p><p id="""">You can now bring your own email address into Adfin, create adaptive reminder templates, and let Autopilot take care of the chasing - automatically and intelligently.</p><p id="""">‍</p><p id="""">Whether it’s a first reminder or an overdue follow-up, Autopilot tailors your template to each customer, adds personalised details along with the right payment or mandate links, and sends the message directly from your email address.</p><p id="""">‍</p><p id="""">You can send personalised reminders from the <strong id="""">Customer → Activity → Send Message</strong> action, or add them straight into your <strong id="""">On Demand workflows</strong>.</p><p id="""">‍</p><p id="""">More personal outreach = faster payments. 💸✨</p><p id="""">‍</p><p id="""">👉 Head to <a id="""" href=""https://console.adfin.com/onboarding/get-started"">Get Started</a> in your Adfin account and we'll guide you on how to enable Autopilot.</p>","<p id=""""><strong id="""">🤖 </strong>Autopilot is now officially available to all Adfin users!<br>‍</p><p id="""">You can now bring your own email address into Adfin, create adaptive reminder templates, and let Autopilot take care of the chasing - automatically and intelligently.</p><p id="""">‍</p><p id="""">Whether it’s a first reminder or an overdue follow-up, Autopilot tailors your template to each customer, adds personalised details along with the right payment or mandate links, and sends the message directly from your email address.</p><p id="""">‍</p><p id="""">You can send personalised reminders from the <strong id="""">Customer → Activity → Send Message</strong> action, or add them straight into your <strong id="""">On Demand workflows</strong>.</p><p id="""">‍</p><p id="""">More personal outreach = faster payments. 💸✨</p><p id="""">‍</p><p id="""">👉 Head to <a id="""" href=""https://console.adfin.com/onboarding/get-started"">Get Started</a> in your Adfin account and we'll guide you on how to enable Autopilot.</p>",,,https://adfin.com/changelog/adfin-autopilot-integrated-into-workflows
Adfin On Demand + to take deposits on card before requesting a direct debit mandate,adfin-on-demand-to-take-deposits-on-card-before-requesting-a-direct-debit-mandate,2025-09-30T00:00:00Z,Accountants & Bookkeepers,https://cdn.prod.website-files.com/663944fa0339e7ff8f65838d/68e5508374e279ac855ccb65_Screenshot%202025-10-07%20at%2018.40.12.png,"<p id="""">Say hello to a smoother way to get paid 💷</p><p id="""">‍</p><p id="""">On Demand + combines card and direct debit payments into one simple journey, so you spend less time chasing invoices and more time running your business 🚀</p><p id="""">‍</p><p id="""">You can collect an upfront card payment, then invite your customer to sign a direct debit payment for future payments.</p><p id="""">‍</p><p id="""">Fewer follow-ups, faster payments, happier you 🎉<br><br>👉 Head to payments settings &gt; workflows to enable On Demand +, which can be enabled on the workflow level, allowing you to control which clients it is offered to.</p><p id="""">‍</p>","<p id="""">Say hello to a smoother way to get paid 💷</p><p id="""">‍</p><p id="""">On Demand + combines card and direct debit payments into one simple journey, so you spend less time chasing invoices and more time running your business 🚀</p><p id="""">‍</p><p id="""">You can collect an upfront card payment, then invite your customer to sign a direct debit payment for future payments.</p><p id="""">‍</p><p id="""">Fewer follow-ups, faster payments, happier you 🎉</p><p>‍</p><p id="""">👉 Head to payments settings &gt; workflows to enable On Demand +, which can be enabled on the workflow level, allowing you to control which clients it is offered to.</p><p>‍</p><p id="""">‍</p>",,,https://adfin.com/changelog/adfin-on-demand-to-take-deposits-on-card-before-requesting-a-direct-debit-mandate
Adfin is live for businesses based in Guernsey!,adfin-is-live-for-businesses-based-in-guernsey,2025-05-12T00:00:00Z,Accountants & Bookkeepers,https://cdn.prod.website-files.com/663944fa0339e7ff8f65838d/6821c26d75f14610aa5376c8_Screenshot%202025-05-12%20at%2010.41.44.png,"<p id="""">We're pleased to share that we are currently in beta with a small number of clients in Guernsey, please contact us if you are interested in joining this! </p><p>‍</p><p>You'll be pleased to hear that this supports the full range of Adfin functionality, including direct debits, cards and pay by bank! </p>","<p id="""">We're pleased to share that we are currently in beta with a small number of clients in Guernsey, please contact us if you are interested in joining this! </p><p id="""">‍</p><p id="""">You'll be pleased to hear that this supports the full range of Adfin functionality, including direct debits, cards and pay by bank! </p><p>‍</p>",,,https://adfin.com/changelog/adfin-is-live-for-businesses-based-in-guernsey
Allow customers to make partial payments,allow-customers-to-make-partial-payments,2025-12-09T00:00:00Z,Accountants & Bookkeepers,https://cdn.prod.website-files.com/663944fa0339e7ff8f65838d/693961b3cdbbc73dde379683_Screenshot%202025-12-10%20at%2012.03.53.png,"<p id="""">You can now allow your customers to make <strong id="""">partial payments</strong> when paying <strong id="""">On Demand</strong>, choosing exactly how much they want to pay. 💰<br><br>You can also set a <strong id="""">minimum partial payment amount</strong> to stay in control of how small those payments can be.</p><p id="""">‍</p><p id="""">👉 Find this option in your <strong id="""">Payment Settings</strong>.</p><p id="""">‍</p>","<p id="""">You can now allow your customers to make <strong id="""">partial payments</strong> when paying <strong id="""">On Demand</strong>, choosing exactly how much they want to pay. 💰<br><br>You can also set a <strong id="""">minimum partial payment amount</strong> to stay in control of how small those payments can be.</p><p id="""">‍</p><p id="""">👉 Find this option in your <strong id="""">Payment Settings</strong>.</p>",,,https://adfin.com/changelog/allow-customers-to-make-partial-payments
Archive customers and stop invoices being imported,delete-and-archive-customers,2026-01-28T00:00:00Z,Accountants & Bookkeepers,,"<p>‍</p><p>You can now <strong>archive</strong> customers in Adfin, giving you more control over how your customer list stays tidy and up to date 🧹</p><p>‍</p><p>This makes it easier to manage customers at every stage. Remove customers you no longer need, or <strong>archive those with payment history</strong> while keeping all their records safe and accessible.</p><p>‍</p><p><strong>Good to know:</strong></p><ul><li>Delete customers who don’t have any paid invoices to remove them completely</li><li>Archive customers with paid invoices to <strong>stop new invoices being imported</strong></li><li>Archived customers <strong>keep all historical data </strong>and can be reactivated at any time 🔄</li><li>You can <strong>filter archived customers in the credit control dashboard</strong> to find them quickly</li></ul><p> 👉 <strong>Open a customer </strong>to view the side drawer, and choose whether to delete or archive them.</p>","<p>‍</p><p>You can now <strong>archive</strong> customers in Adfin, giving you more control over how your customer list stays tidy and up to date 🧹</p><p>‍</p><p>This makes it easier to manage customers at every stage. Remove customers you no longer need, or <strong>archive those with payment history</strong> while keeping all their records safe and accessible.</p><p>‍</p><p><strong>Good to know:</strong></p><ul><li>Delete customers who don’t have any paid invoices to remove them completely</li><li>Archive customers with paid invoices to <strong>stop new invoices being imported</strong></li><li>Archived customers <strong>keep all historical data </strong>and can be reactivated at any time 🔄</li><li>You can <strong>filter archived customers in the credit control dashboard</strong> to find them quickly</li></ul><p> 👉 <strong>Open a customer </strong>to view the side drawer, and choose whether to delete or archive them.</p><p>‍</p>",,,https://adfin.com/changelog/delete-and-archive-customers
Auto Collect + as a backup for tricky payers,auto-collect-as-a-backup-for-tricky-payers,2025-09-30T00:00:00Z,Accountants & Bookkeepers,https://cdn.prod.website-files.com/663944fa0339e7ff8f65838d/68e55224fe97a4f2f6eb2bc7_Screenshot%202025-10-07%20at%2018.47.08.png,"<p id="""">Some clients just won’t sign their direct debit mandate. Now you can set up Auto Collect+ as an automated backup, giving those clients the option to pay using On Demand payments instead 💳</p><p id="""">‍</p><p id="""">Choose how long after sending the invoice you’d like to offer this option, and Adfin will do the rest. We’ll automatically notify your client and add the extra payment methods to their payment page 🔁</p><p id="""">‍</p><p id="""">If you like, you can choose to offer this immediately, so your client can pay any way they like.&nbsp;</p><p id="""">‍</p><p id="""">👉 Head to payments settings &gt; workflows to enable Auto Collect +</p><p id="""">‍</p><p id="""">‍</p>","<p id="""">Some clients just won’t sign their direct debit mandate. Now you can set up Auto Collect+ as an automated backup, giving those clients the option to pay using On Demand payments instead 💳</p><p id="""">‍</p><p id="""">Choose how long after sending the invoice you’d like to offer this option, and Adfin will do the rest. We’ll automatically notify your client and add the extra payment methods to their payment page 🔁</p><p id="""">‍</p><p id="""">If you like, you can choose to offer this immediately, so your client can pay any way they like.&nbsp;</p><p id="""">‍</p><p id="""">👉 Head to payments settings &gt; workflows to enable Auto Collect +</p><p id="""">‍</p>",,,https://adfin.com/changelog/auto-collect-as-a-backup-for-tricky-payers
Automatic fall back to SMS when a WhatsApp message fails,notifications-now-automatically-fall-back-to-sms-when-a-whatsapp-message-fails,2025-03-26T00:00:00Z,Accountants & Bookkeepers,,"<p>‍</p><p id="""">Noticing that some of your WhatsApp notifications are failing because your customers aren't on WhatsApp? </p><p>‍</p><p id="""">Now Adfin will automatically send an SMS&nbsp;message instead when the WhatsApp fails! </p>","<p id="""">‍</p><p id="""">Noticing that some of your WhatsApp notifications are failing because your customers aren't on WhatsApp? </p><p id="""">‍</p><p id="""">Now Adfin will automatically send an SMS&nbsp;message instead when the WhatsApp fails! </p><p id="""">‍</p><p id="""">‍</p>",,,https://adfin.com/changelog/notifications-now-automatically-fall-back-to-sms-when-a-whatsapp-message-fails
Automatic invoice migration for Xero and QuickBooks,automatic-invoice-migration-for-xero-and-quickbooks,2025-08-04T00:00:00Z,Accountants & Bookkeepers,https://cdn.prod.website-files.com/663944fa0339e7ff8f65838d/688a509e30aeadfd77b5338f_Screenshot%202025-07-30%20at%2018.04.21.png,"<p id="""">‍</p><p id="""">Switching to Adfin just got a whole lot easier. Now, when your customer signs a direct debit mandate with Adfin, we’ll automatically update your invoices in Xero or QuickBooks to use Adfin for payment.</p><p id="""">‍</p><h6 id="""">⚙️ <strong id="""">How it works</strong></h6><ul id=""""><li id="""">Make sure <strong id="""">invoice migration</strong> is enabled in your settings</li><li id="""">Send direct debit mandates to your clients</li><li id="""">Once a mandate is signed and active, we will:<ul id=""""><li id="""">Update the <strong id="""">branding theme</strong> in Xero or the <strong id="""">invoice terms</strong> in QuickBooks</li><li id="""">Apply this to both standard and repeating invoices</li><li id="""">Remove other payment providers from the invoice so there’s nothing you need to do</li></ul></li></ul><h6 id="""">📬 <strong id="""">After the switch</strong></h6><ul id=""""><li id="""">You’ll get an email notification when a customer has been migrated</li><li id="""">We’ll also tag the customer in your dashboard so you can easily keep track</li></ul><p id="""">‍</p><p id="""">No more manual updates. Just seamless payments through Adfin. ✅</p><p id="""">‍</p><p id="""">‍</p>","<p id="""">‍</p><p id="""">Switching to Adfin just got a whole lot easier. Now, when your customer signs a direct debit mandate with Adfin, we’ll automatically update your invoices in Xero or QuickBooks to use Adfin for payment.</p><p id="""">‍</p><h6 id="""">⚙️ <strong id="""">How it works</strong></h6><ul id=""""><li id="""">Make sure <strong id="""">invoice migration</strong> is enabled in your settings</li><li id="""">Send direct debit mandates to your clients</li><li id="""">Once a mandate is signed and active, we will:<ul id=""""><li id="""">Update the <strong id="""">branding theme</strong> in Xero or the <strong id="""">invoice terms</strong> in QuickBooks</li><li id="""">Apply this to both standard and repeating invoices</li><li id="""">Remove other payment providers from the invoice so there’s nothing you need to do</li></ul></li></ul><h6 id="""">📬 <strong id="""">After the switch</strong></h6><ul id=""""><li id="""">You’ll get an email notification when a customer has been migrated</li><li id="""">We’ll also tag the customer in your dashboard so you can easily keep track</li></ul><p id="""">‍</p><p id="""">No more manual updates. Just seamless payments through Adfin. ✅</p><p id="""">‍</p><p id="""">‍</p><p id="""">‍</p>",,,https://adfin.com/changelog/automatic-invoice-migration-for-xero-and-quickbooks
Automatically increase prices on your recurring invoices,automatically-increase-prices-on-your-recurring-invoices,2026-03-05T00:00:00Z,Accountants & Bookkeepers,https://cdn.prod.website-files.com/663944fa0339e7ff8f65838d/69af09981db66031c8649f18_Screenshot%202026-03-09%20at%2017.55.17.png,"<p>Need to increase the price of a software subscription or apply an annual price rise to a monthly service? You can now <strong>automatically update prices on your recurring invoices</strong> without editing each one individually <strong>📈</strong></p><p>‍</p><p>Simply head to the <strong>Product Catalogue</strong> in <strong>Settings</strong>, update the price, and choose whether the change should apply to:</p><ul><li>🆕 <strong>New recurring invoices only</strong>, or<br></li><li>🔁 <strong>All existing recurring invoices<br><br></strong></li></ul><p>Any new invoices generated will <strong>automatically use the updated pricing</strong>, saving you the time and hassle of updating each invoice manually.</p><p>‍</p>","<p>Need to increase the price of a software subscription or apply an annual price rise to a monthly service? You can now <strong>automatically update prices on your recurring invoices</strong> without editing each one individually <strong>📈</strong></p><p>‍</p><p>Simply head to the <strong>Product Catalogue</strong> in <strong>Settings</strong>, update the price, and choose whether the change should apply to:</p><ul><li>🆕 <strong>New recurring invoices only</strong>, or<br></li><li>🔁 <strong>All existing recurring invoices<br><br></strong></li></ul><p>Any new invoices generated will <strong>automatically use the updated pricing</strong>, saving you the time and hassle of updating each invoice manually.</p><p>‍</p><p>‍</p>",,,https://adfin.com/changelog/automatically-increase-prices-on-your-recurring-invoices
Bulk actions: to save you time when managing invoices and customers,bulk-actions-to-save-you-time,2024-11-18T00:00:00Z,Accountants & Bookkeepers,https://cdn.prod.website-files.com/663944fa0339e7ff8f65838d/673b2c41a9d37bf149be195a_Screenshot%202024-11-18%20at%2011.59.33.png,"<p id="""">All actions (like voiding invoices, deleting invoices, or removing customers) can be applied in bulk.</p><p id="""">‍</p>","<p id="""">We’ve made it easier to manage your invoicing and customers in Adfin. Now actions can be applied in bulk.</p><p id="""">‍</p><p id=""""> </p><p id="""">Use the checkboxes next to each invoice or customer record, and select the action you want from the bottom tray to make updates to multiple records in one go.</p><p id="""">‍</p>",,,https://adfin.com/changelog/bulk-actions-to-save-you-time
Change an invoice between On Demand and Auto Collect,change-an-invoice-between-on-demand-and-auto-collect,2025-04-14T00:00:00Z,Accountants & Bookkeepers,https://cdn.prod.website-files.com/663944fa0339e7ff8f65838d/6821bd1de1474877d00cbb4a_Screenshot%202025-05-12%20at%2010.19.18.png,"<p>Now you can change an invoice that you have already sent between On Demand and Auto Collect. </p><p>‍</p><p>Click into the invoice and select the ""update"" option in the workflows section. This will give you the option to update the workflow between On Demand and Auto Collect. </p>","<p id="""">Now you can change an invoice that you have already sent between On Demand and Auto Collect. </p><p id="""">‍</p><p id="""">Click into the invoice and select the ""update"" option in the workflows section. This will give you the option to update the workflow between On Demand and Auto Collect. </p><p>‍</p><p>This is useful if your client would rather pay a larger invoice using credit card, or if they have now agree to start using direct debit. </p>",,,https://adfin.com/changelog/change-an-invoice-between-on-demand-and-auto-collect
Clearer bank transfer details for faster payments,clearer-bank-transfer-details-for-faster-payments,2026-03-24T00:00:00Z,Accountants & Bookkeepers,https://cdn.prod.website-files.com/663944fa0339e7ff8f65838d/69d798dae4f3efc57e0f5101_Screenshot%202026-04-09%20at%2015.17.21.png,"<p>When customers choose to pay by bank transfer, they’ll now see your <strong>business name as the account holder</strong>, making it clearer who they’re paying and increasing trust <strong>🏦</strong></p><p>‍</p><p>Combined with Adfin bank transfer details on your invoices, this helps ensure payments are sent correctly and without confusion.</p><p>‍</p><p>Even better, once a payment is made, we <strong>automatically match and allocate it to the right invoice</strong>, so you don’t have to reconcile anything manually ✨</p><p>‍</p>","<p>When customers choose to pay by bank transfer, they’ll now see your <strong>business name as the account holder</strong>, making it clearer who they’re paying and increasing trust <strong>🏦</strong></p><p>‍</p><p>Combined with Adfin bank transfer details on your invoices, this helps ensure payments are sent correctly and without confusion.</p><p>‍</p><p>Even better, once a payment is made, we <strong>automatically match and allocate it to the right invoice</strong>, so you don’t have to reconcile anything manually ✨</p><p>‍</p>",,,https://adfin.com/changelog/clearer-bank-transfer-details-for-faster-payments
Copy direct debit mandate link,copy-direct-debit-mandate-link,2025-04-21T00:00:00Z,Accountants & Bookkeepers,https://cdn.prod.website-files.com/663944fa0339e7ff8f65838d/6821b9b143b4ac7a4ba84f58_Screenshot%202025-05-12%20at%2010.04.33.png,"<p>For customers with a mandate that is still awaiting signature, you can find a link to their mandate page by selecting the customer record, clicking on ""more actions"" from the bottom of the tray and copying the mandate link. </p>","<p id="""">For customers with a mandate that is still awaiting signature, you can find a link to their mandate page by selecting the customer record, clicking on ""more actions"" from the bottom of the tray and copying the mandate link. </p><p>This can be useful if the client is in your office and you want them to complete the mandate in person. </p>",,,https://adfin.com/changelog/copy-direct-debit-mandate-link
Copy the link to a direct debit mandate,copy-the-link-to-a-direct-debit-mandate,2025-03-14T00:00:00Z,Accountants & Bookkeepers,https://cdn.prod.website-files.com/663944fa0339e7ff8f65838d/67d985c586a883d2806426d4_Screenshot%202025-03-18%20at%2015.39.55.png,"<p>If you'd like to copy and paste the direct debit mandate link for a customer who you have sent a mandate request to, select the customer, click ""more actions"" in the side tray and select ""copy mandate link"". </p><p>‍</p><p>‍</p>","<p id="""">If you'd like to copy and paste the direct debit mandate link for a customer who you have sent a mandate request to, select the customer, click ""more actions"" in the side tray and select ""copy mandate link"". </p><p>‍</p>",,,
Create and send payment links (without an invoice),payment-links,2025-06-03T00:00:00Z,Accountants & Bookkeepers,https://cdn.prod.website-files.com/663944fa0339e7ff8f65838d/683ea79560cfb90637d8bc14_Screenshot%202025-06-03%20at%2010.43.08.png,"<p id="""">Need to take a quick payment? You can now create standalone payment links - no invoice required.</p><p>‍</p><p id="""">Just head to <strong id="""">Payment Links</strong> in the side menu and generate a link you can send via WhatsApp, email, or however you like. It’s perfect when you’ve got a client on the phone and want to take a payment quickly and securely.</p><p id="""">‍</p><p id="""">If you’ve connected your accounting software to Adfin, a payment &nbsp;will automatically be created in Xero or QuickBooks once the payment comes through.</p><p id="""">‍</p>","<p id="""">Need to take a quick payment? You can now create standalone payment links - no invoice required.</p><p id="""">‍</p><p id="""">Just head to <strong id="""">Payment Links</strong> in the side menu and generate a link you can send via WhatsApp, email, or however you like. It’s perfect when you’ve got a client on the phone and want to take a payment quickly and securely.</p><p id="""">‍</p><p id="""">If you’ve connected your accounting software to Adfin, a payment &nbsp;will automatically be created in Xero or QuickBooks once the payment comes through.</p><p id="""">‍</p><p>With payment links you can: </p><li>Take one-off payments, like down payments or deposits</li><li>Add a description to the branded payment page</li><li>Include an internal reference for tracking</li><li>Set up chasing and workflows</li><li>Copy and paste the link to send it however you want</li><p>‍</p><p id="""">‍</p>",,,https://adfin.com/changelog/payment-links
Create invoices on Adfin,create-invoices-on-adfin,2025-06-03T00:00:00Z,Accountants & Bookkeepers,https://cdn.prod.website-files.com/663944fa0339e7ff8f65838d/683ea508ad217be69e228a49_Screenshot%202025-06-03%20at%2010.26.12.png,"<p id="""">You can now raise, send, chase, and take payment for invoices - all from the Adfin Console.</p><p id="""">‍</p><p id="""">Click <strong id="""">Invoices</strong> in the side menu to create professional, branded invoices your clients will actually enjoy paying.</p><p id="""">‍</p><p id="""">Invoices made in Adfin can be automatically pushed to Xero (QuickBooks support is coming soon!). Just head to <strong id="""">Settings &gt; Integrations</strong> to get started.</p>","<p id="""">You can now raise, send, chase, and take payment for invoices - all from the Adfin Console.</p><p id="""">‍</p><p id="""">Click <strong id="""">Invoices</strong> in the side menu to create professional, branded invoices your clients will actually enjoy paying.</p><p id="""">‍</p><p id="""">Invoices made in Adfin can be automatically pushed to Xero (QuickBooks support is coming soon!). Just head to <strong id="""">Settings &gt; Integrations</strong> to get started.</p><p id="""">‍</p><p id="""">With Adfin invoices you can:</p><ul id=""""><li id="""">Collect payment using <strong id="""">On Demand</strong> or <strong id="""">Auto Collect</strong></li><li id="""">Choose a target <strong id="""">settlement date</strong> with Auto Collect — we’ll automatically set the due date to make sure you get paid out on time</li><li id="""">Create and save items with custom tax rates, amounts, and sales accounts</li><li id="""">Customise the email and message that go out with the invoice</li><li id="""">Choose the workflow you want to send it with</li></ul><p id="""">‍</p>",,,https://adfin.com/changelog/create-invoices-on-adfin
Create recurring invoices in Adfin,create-recurring-invoices-in-adfin,2025-10-14T00:00:00Z,Accountants & Bookkeepers,https://cdn.prod.website-files.com/663944fa0339e7ff8f65838d/68ee273db774bc29f0953253_Screenshot%202025-10-14%20at%2011.34.30.png,"<p id="""">Save time and stay on top of repeat billing 🙌</p><p>‍</p><p id="""">You can now set up recurring invoices in Adfin to send automatically on the schedule you choose. Perfect for subscriptions, retainers, or regular clients 💼</p><p>‍</p><p id="""">Your recurring invoices can also be pushed straight to Xero or QuickBooks, keeping everything in sync 💷✨</p><p>‍</p>","<p id="""">Save time and stay on top of repeat billing 🙌</p><p>‍</p><p id="""">You can now set up recurring invoices in Adfin to send automatically on the schedule you choose. Perfect for subscriptions, retainers, or regular clients 💼</p><p>‍</p><p id="""">Your recurring invoices can also be pushed straight to Xero or QuickBooks, keeping everything in sync 💷✨</p><p>‍</p>",,,https://adfin.com/changelog/create-recurring-invoices-in-adfin
Customer merge suggestions,customer-merge-suggestions,2026-01-28T00:00:00Z,Accountants & Bookkeepers,https://cdn.prod.website-files.com/663944fa0339e7ff8f65838d/698235ee88402bcb04fab4b5_Screenshot%202026-02-03%20at%2017.52.38.png,"<p>We’ll now nudge you when we spot <strong>potential duplicate customers</strong>, helping you keep your customer list tidy and avoid missing collections 💡</p><p>‍</p><p>If duplicates are detected, you’ll see a prompt to review them. We’ve also<strong> improved the merge experience</strong>, making it quicker and clearer to choose the right details and combine records into a single, clean customer profile.</p><p>‍</p><p> 👉 Head to the side menu in Adfin and select <strong>Review duplicates</strong> when the prompt appears.</p>","<p>We’ll now nudge you when we spot <strong>potential duplicate customers</strong>, helping you keep your customer list tidy and avoid missing collections 💡</p><p>‍</p><p>If duplicates are detected, you’ll see a prompt to review them. We’ve also<strong> improved the merge experience</strong>, making it quicker and clearer to choose the right details and combine records into a single, clean customer profile.</p><p>‍</p><p> 👉 Head to the side menu in Adfin and select <strong>Review duplicates</strong> when the prompt appears.</p><p>‍</p>",,,https://adfin.com/changelog/customer-merge-suggestions
Customer view: manage your activity by customer,view-and-manage-your-activity-by-customer,2024-09-30T00:00:00Z,Accountants & Bookkeepers,https://cdn.prod.website-files.com/663944fa0339e7ff8f65838d/67375615568cf9843139fd8f_Screenshot%202024-09-30%20at%2013.35.52.webp,"<p id="""">See which customers owe you money and their direct debit mandate status. </p><p>‍</p><p id="""">‍</p>","<p id="""">Easily view your invoicing activity by customer, see which customers owe you money and check if they are already set up on direct debit. </p><p id=""""> </p><p id=""""> If the customer is connected to a Xero record you will see a small icon in the table next to their name. We also sync any updates to and from Xero. </p><p id=""""> </p><p id="""">Spotted that you have a duplicate customer record? No problem, you can merge duplicates and bring any invoices together under a single customer. </p><p>‍</p>",,,https://adfin.com/changelog/view-and-manage-your-activity-by-customer
Customise Auto Collect workflows for direct debit payments,custom-auto-collect-workflows-for-direct-debit-payments,2025-03-26T00:00:00Z,Accountants & Bookkeepers,https://cdn.prod.website-files.com/663944fa0339e7ff8f65838d/67e198be72459a289b6e50b7_Screenshot%202025-03-24%20at%2017.38.17.png,"<p id="""">Customise how you remind your customers to sign their mandate and what happens when a payment fails. </p><p>‍</p><p>With Adfin, if a direct debit payment repeatedly fails we will automatically send your customer an On Demand payment request to pay by card or bank. With this update you can now customise how many times you want to attempt the direct debit before requesting an On Demand payment. </p><p id="""">‍</p><p id="""">You can set the default at your account level and also configure different rules for specific customers. </p>","<p id="""">Customise how you remind your customers to sign their mandate and what happens when a payment fails. </p><p id="""">‍</p><p id="""">With Adfin, if a direct debit payment repeatedly fails we will automatically send your customer an On Demand payment request to pay by card or bank. With this update you can now customise how many times you want to attempt the direct debit before requesting an On Demand payment. </p><p id="""">‍</p><p id="""">You can set the default at your account level and also configure different rules for specific customers. </p><p id="""">‍</p><p id="""">‍</p><p id="""">Now you can: </p><ul id=""""><li id="""">Define how frequently you remind your customers to sign a mandate </li><li id="""">Add a custom message to include with your mandate requests</li><li id="""">Select whether to send the invoice immediately when it is issued or wait until the direct debit advance collection notice is sent (we attach the invoice to this)&nbsp;</li><li id="""">Select how many times you retry a failed direct debit payment </li><li id="""">Select if you send an On Demand payment request after all retries have failed and also how frequently you want to send reminders for this payment</li></ul>",,,https://adfin.com/changelog/custom-auto-collect-workflows-for-direct-debit-payments
Customise your chasing workflows,customise-your-chasing-workflows,2025-03-26T00:00:00Z,Accountants & Bookkeepers,https://cdn.prod.website-files.com/663944fa0339e7ff8f65838d/67e19625bdf10e521053caa2_Screenshot%202025-03-24%20at%2017.27.55.png,"<p id="""">Create new workflows from scratch or modify existing ones by accessing Settings → <a id="""" href=""https://console.adfin.com/settings/workflows"">Workflows</a>. </p><p>‍</p><p id="""">You can create and set default workflows at account level and set different rules for specific customers. </p><p id="""">‍</p>","<p id="""">Create new workflows from scratch or modify existing ones by accessing Settings → <a id="""" href=""https://console.adfin.com/settings/workflows"">Workflows</a>. </p><p id="""">‍</p><p id="""">You can create and set default workflows at account level and set different rules for specific customers. </p><p id="""">‍</p><p id="""">With custom workflows you can: </p><ul id=""""><li id="""">Set which channels (Email, Whatsapp, or SMS) you use for the initial payment request and subsequent reminders </li><li id="""">Add multiple reminders at custom intervals before the due date </li><li id="""">Configure the frequency for overdue reminders </li><li id="""">Opt to skip the initial distribution step, in case you wish to delay distribution </li><li id="""">Add custom text to be added each time an invoice is sent - this allows you to add a custom message even when sending the invoice from your accounting software</li></ul>",,,https://adfin.com/changelog/customise-your-chasing-workflows
Delete any invoice that isn't in submitted or paid from Adfin,delete-any-invoice-that-isnt-in-submitted-or-paid-from-adfin,2025-05-05T00:00:00Z,Accountants & Bookkeepers,https://cdn.prod.website-files.com/663944fa0339e7ff8f65838d/6821bffbd66c1872c0391fd1_Screenshot%202025-05-12%20at%2010.31.32.png,"<p>Select ""more actions"" within the invoice tray to delete any invoice that is not in submitted or paid. This will permanently delete the invoice from Adfin. </p>","<p id="""">Select ""more actions"" within the invoice tray to delete any invoice that is not in submitted or paid. This will permanently delete the invoice from Adfin. </p><p>‍</p><p>Please note, we do not automatically sync invoice deletion from QuickBooks to Adfin, but we will send you an alert to remind you to delete the invoice in Adfin yourself if this happens. </p>",,,https://adfin.com/changelog/delete-any-invoice-that-isnt-in-submitted-or-paid-from-adfin
Direct debit payments settle two days faster!,direct-debit-payments-settle-2-days-faster,2025-07-08T00:00:00Z,Accountants & Bookkeepers,https://cdn.prod.website-files.com/663944fa0339e7ff8f65838d/686d07eae958ad66e62d27c6_Screenshot%202025-07-08%20at%2012.57.51.png,"<p id="""">We’ve got great news. Direct debit payments will now be paid out to you <strong id="""">two working days faster</strong>! 🎉</p><p id="""">‍</p><p id="""">This applies for all direct debit payments that are <strong>submitted from 8th&nbsp;July</strong>. We’re excited to bring you quicker payouts so you can get your money sooner. </p><p id="""">‍</p><h6 id="""">🗓️ <strong id="""">New direct debit timeline</strong></h6><ul id=""""><li id=""""><strong id="""">Day -1</strong>: Adfin sends advance notice of the collection to your customer</li><li id=""""><strong id="""">Day 0</strong>: Adfin submits the payment for collection</li><li id=""""><strong id="""">Day 2</strong>: The payment is debited from your customer</li><li id=""""><strong id="""">Day 4</strong>: The payment is marked as final and paid out to you 💸</li></ul><p id="""">‍</p><p id="""">Thanks for choosing Adfin. We’re always working to make sure you get paid faster! 🚀</p><p id="""">‍</p>","<p id="""">We’ve got great news. Direct debit payments will now be paid out to you <strong id="""">two working days faster</strong>! 🎉</p><p id="""">‍</p><p id="""">This applies for all direct debit payments that are <strong id="""">submitted from 8th&nbsp;July</strong>. We’re excited to bring you quicker payouts so you can get your money sooner. </p><p id="""">‍</p><h6 id="""">🗓️ <strong id="""">New direct debit timeline</strong></h6><ul id=""""><li id=""""><strong id="""">Day -1</strong>: Adfin sends advance notice of the collection to your customer</li><li id=""""><strong id="""">Day 0</strong>: Adfin submits the payment for collection</li><li id=""""><strong id="""">Day 2</strong>: The payment is debited from your customer</li><li id=""""><strong id="""">Day 4</strong>: The payment is marked as final and paid out to you 💸</li></ul><p id="""">‍</p><p id="""">Thanks for choosing Adfin. We’re always working to make sure you get paid faster! 🚀</p><p id="""">‍</p><p id="""">‍</p><p id="""">‍</p><p id="""">‍</p>",,,https://adfin.com/changelog/direct-debit-payments-settle-2-days-faster
Direct debits: say hello to recurring payments,say-hello-to-direct-debit-payments,2024-08-31T00:00:00Z,Accountants & Bookkeepers,https://cdn.prod.website-files.com/663944fa0339e7ff8f65838d/6737571f0fa8e5437c42d868_Direct%20(1).webp,"<p id="""">Direct debit payments are here! Send your customers a mandate to start collecting payments on autopilot.</p><p id="""">‍</p>","<p id="""">We're excited to introduce direct debit payments, making it easier to pay recurring and one-time invoices automatically.</p><p id=""""> </p><p id="""">Once a customer has signed a direct debit mandate (a 20-second process), we will take any future payment request you make via Adfin automatically without the customer needing to do a thing.</p><p id=""""><br>This unlocks more timely payments and further reduces the need for manual chasing and follow-ups. We will automatically chase any failed direct debit payment, including sending alternative payment options, at no additional cost or effort to you.<br><br>To get your customers set-up, head on to the Customers page, select the customers you'd like to invite and hit ""send mandate"". Once they complete the mandate form, you're ready to start collecting payments on autopilot. 💸</p><p>‍</p>",,,https://adfin.com/changelog/say-hello-to-direct-debit-payments
Disable payment confirmation emails for direct debit payments,disable-payment-confirmation-emails-for-direct-debit-payments,2026-03-05T00:00:00Z,Accountants & Bookkeepers,,"<p>‍</p><p>Worried about sending too many emails to your customers about their direct debit payments? You can now <strong>turn off automatic payment confirmation emails </strong>sent to your customers <strong>🔕</strong></p><p>‍</p><p>This gives you more control over the notifications your customers receive and helps reduce unnecessary inbox noise.</p><p>‍</p><p>This setting is turned off by default. If you’d like to enable it, you can do so in your <strong>Auto Collect workflow settings</strong> ⚙️.</p><p>‍</p>","<p>‍</p><p>Worried about sending too many emails to your customers about their direct debit payments? You can now <strong>turn off automatic payment confirmation emails </strong>sent to your customers <strong>🔕</strong></p><p>‍</p><p>This gives you more control over the notifications your customers receive and helps reduce unnecessary inbox noise.</p><p>‍</p><p>This setting is turned off by default. If you’d like to enable it, you can do so in your <strong>Auto Collect workflow settings</strong> ⚙️.</p><p>‍</p>",,,https://adfin.com/changelog/disable-payment-confirmation-emails-for-direct-debit-payments
Download data from any Adfin dashboard into CSV,export-invoices-and-payments,2025-07-08T00:00:00Z,Accountants & Bookkeepers,https://cdn.prod.website-files.com/663944fa0339e7ff8f65838d/686bec4d9c49b9f6e1d4ef35_Screenshot%202025-07-07%20at%2016.48.22.png,"<p id="""">This one’s for all the Excel lovers out there - you can now download everything from the <strong id="""">accept payments</strong>, <strong id="""">manage customers</strong>, and <strong id="""">view</strong> <strong id="""">transactions</strong> dashboards straight to CSV! 🙌</p><p id="""">‍</p><h6 id="""">💾 <strong id="""">How it works</strong></h6><ul id=""""><li id="""">Head to any of the dashboards.</li><li id="""">Click the <strong id="""">Download CSV</strong> button in the top right corner.</li><li id="""">✅ Want specific info? Select what you’d like to export before clicking the button.</li><li id="""">📥 Want it all? Click <strong id="""">Download CSV</strong> without selecting anything to grab everything at once.</li></ul><p id="""">Now you can analyse, filter, and work with your data however you like, making it easy to reconcile back into other platforms that Adfin is not currently integrated to. 🥳</p><p id="""">‍</p><p id=""""><br>‍</p>","<p id="""">This one’s for all the Excel lovers out there - you can now download everything from the <strong id="""">accept payments</strong>, <strong id="""">manage customers</strong>, and <strong id="""">view</strong> <strong id="""">transactions</strong> dashboards straight to CSV! 🙌</p><p id="""">‍</p><h6 id="""">💾 <strong id="""">How it works</strong></h6><ul id=""""><li id="""">Head to any of the dashboards.</li><li id="""">Click the <strong id="""">Download CSV</strong> button in the top right corner.</li><li id="""">✅ Want specific info? Select what you’d like to export before clicking the button.</li><li id="""">📥 Want it all? Click <strong id="""">Download CSV</strong> without selecting anything to grab everything at once.</li></ul><p id="""">Now you can analyse, filter, and work with your data however you like, making it easy to reconcile back into other platforms that Adfin is not currently integrated to. 🥳</p><p id="""">‍</p>",,,https://adfin.com/changelog/export-invoices-and-payments
Drag and drop up to 50 invoices at once,drag-and-drop-up-to-50-invoices-at-one-time,2025-05-04T00:00:00Z,Accountants & Bookkeepers,https://cdn.prod.website-files.com/663944fa0339e7ff8f65838d/6821bdffed003e30a260f51d_Screenshot%202025-05-12%20at%2010.22.48.png,"<p id="""">We've made a series of upgrades to our invoice upload tool - now you can drag and drop up to 50 invoices at once!</p><p id="""">‍</p><p id="""">On top of that, the tool is now faster than ever! So that upload will feel like a breeze... even when working on 50 in parallel. </p>","<p id="""">We've made a series of upgrades to our invoice upload tool - now you can drag and drop up to 50 invoices at once!</p><p id="""">‍</p><p id="""">On top of that, the tool is now faster than ever! So that upload will feel like a breeze... even when working on 50 in parallel. </p><p id="""">‍</p><p id="""">As well as this, we've made further improvements to optimise for accuracy and format exceptions. </p>",,,https://adfin.com/changelog/drag-and-drop-up-to-50-invoices-at-one-time
Easier-to-read invoice statuses,easier-to-read-invoice-statuses,2024-11-18T00:00:00Z,Accountants & Bookkeepers,https://cdn.prod.website-files.com/663944fa0339e7ff8f65838d/673b2dd8cf34e1d000d0fe5a_Screenshot%202024-11-18%20at%2012.06.41.png,<p>We've simplified our invoice statuses and added new information to make it easier to track what is going on. </p>,"<p id="""">You’ll now find “Sent” and “Seen” activities moved from invoice statuses to a new activities column, making it easier to follow the progress of each invoice. We’ve also added a new activity, “mandate pending signature”, which shows when an invoice is ready for direct debit collection but still needs the customer to sign their direct debit mandate.&nbsp;</p><p id="""">&nbsp;</p><p id="""">‍</p><p id="""">In the activities column, you can see:</p><ul id=""""><li id="""">When an invoice was sent</li><li id="""">The last time the payment link was opened</li><li id="""">When an invoice was paid</li><li id="""">If there is a pending mandate with the customer</li></ul><p id="""">‍</p><p id="""">Later this week, we’ll be adding even more details to help you keep track of direct debit payments. You’ll be able to see:</p><ul id=""""><li id="""">When the payment will be collected, including any retries that are happening</li><li id="""">When the payment is expected to reach your bank</li></ul><p id="""">‍</p><p id="""">‍</p>",,,https://adfin.com/changelog/easier-to-read-invoice-statuses
Easy to create and manage instalment plans,easy-to-create-and-manage-instalment-plans,2025-10-07T00:00:00Z,Accountants & Bookkeepers,https://cdn.prod.website-files.com/663944fa0339e7ff8f65838d/68e55f8ff4150875d3449109_Screenshot%202025-10-07%20at%2019.44.23.png,"<p id="""">Have a client who’s struggling to pay? Now you can offer an instalment plan that makes things easier for them and keeps cash flowing for you 🙌</p><p id="""">‍</p><p id="""">Choose how many instalments you’d like and Adfin will take care of the rest, from sending reminders and details of the instalment plan to reconciling each payment automatically 💷</p><p id="""">‍</p><p id="""">You can choose to edit individual instalment amounts and take a higher up front deposit 💰</p><p id="""">‍</p><p id="""">Instalment plans work with On Demand payments or Auto Collect, and you can create them for new invoices in Adfin or for invoices you’ve already sent ✨</p><p id="""">‍</p><p id="""">‍</p>","<p id="""">Have a client who’s struggling to pay? Now you can offer an instalment plan that makes things easier for them and keeps cash flowing for you 🙌</p><p id="""">‍</p><p id="""">Choose how many instalments you’d like and Adfin will take care of the rest, from sending reminders and details of the instalment plan to reconciling each payment automatically 💷</p><p id="""">‍</p><p id="""">You can choose to edit individual instalment amounts and take a higher up front deposit 💰</p><p id="""">‍</p><p id="""">Instalment plans work with On Demand payments or Auto Collect, and you can create them for new invoices in Adfin or for invoices you’ve already sent ✨</p><p id="""">‍</p>",,,https://adfin.com/changelog/easy-to-create-and-manage-instalment-plans
Enhanced Invoice Creation Feature (AI),enhanced-invoice-creation-feature,2025-03-27T00:00:00Z,Accountants & Bookkeepers,,"<p id="""">We are excited to introduce a new feature that streamlines the invoice creation process on Adfin. This enhancement allows users to create invoices more efficiently, saving time and reducing errors.</p><p id="""">‍</p><p id="""">With a user-friendly interface and improved templates, generating invoices has never been easier!</p>","<p id="""">We are excited to introduce a new feature that streamlines the invoice creation process on Adfin. This enhancement allows users to create invoices more efficiently, saving time and reducing errors.</p><p id="""">‍</p><p id="""">With a user-friendly interface and improved templates, generating invoices has never been easier! Users can now customize their invoices with various options, including adding logos, adjusting item descriptions, and setting payment terms directly within the platform.</p><p id="""">‍</p><p id="""">This update not only enhances the user experience but also ensures that invoices are professional and tailored to meet the needs of your business. We believe this will significantly improve your workflow and customer satisfaction.</p>",Enhanced Invoice Creation Feature on Adfin,"Discover the new enhanced invoice creation feature on Adfin that streamlines your invoicing process, making it faster and more efficient.",
Export payout details to CSV,export-payout-details-to-csv,2025-01-20T00:00:00Z,Accountants & Bookkeepers,https://cdn.prod.website-files.com/663944fa0339e7ff8f65838d/679a70a50de0c4deac78375a_Screenshot%202025-01-29%20at%2018.13.12.png,"<p id="""">For those who like to reconcile in excel, now you can download a CSV with full details of payments and invoices by payout. </p>","<p id="""">For those who like to reconcile in excel, now you can download a CSV with full details of payments and invoices by payout. </p><p id="""">‍</p><p id="""">Select payouts on the payout dashboard and export to CSV. We'll provide a download with all the detail of payouts and related payments and invoices. You can use the date picker to select which period you would like and select up to 50 payouts to download into a single CSV.</p>",,,https://adfin.com/changelog/export-payout-details-to-csv
Faster and more accurate invoice upload,faster-and-more-accurate-invoice-upload,2025-03-25T00:00:00Z,Accountants & Bookkeepers,,"<p>‍</p><p id="""">We've made more improvements to our invoice upload tool. We're now using multiple LLM AI&nbsp;models in the background to optimise for performance, meaning that things are more accurate and faster than ever! </p>","<p>‍</p><p id="""">We've made more improvements to our invoice upload tool. We're now using multiple LLM AI&nbsp;models in the background to optimise for performance, meaning that things are more accurate and faster than ever! </p><p id="""">‍</p><p id="""">‍</p>",,,https://adfin.com/changelog/faster-and-more-accurate-invoice-upload
Get started on Adfin with our new onboarding assistant,use-our-onboarding-assistant-to-get-started,2025-01-26T00:00:00Z,Accountants & Bookkeepers,https://cdn.prod.website-files.com/663944fa0339e7ff8f65838d/679cda1e8e4cdb6310b3b524_Screenshot%202025-01-31%20at%2014.11.32.png,"<p id="""">We've launched an assistant to help you get started with Adfin. </p>","<p id="""">We've launched an assistant to help you get started with Adfin. </p><p id="""">‍</p><p id="""">Find the onboarding assistant in the bottom left hand side of the console. This will help you navigate the steps to get Adfin set up for your business. <br>‍<br>The assistant will also help you migrate your direct debit payments over to Adfin, making your migration seamless!&nbsp;</p>",,,https://adfin.com/changelog/use-our-onboarding-assistant-to-get-started
God Mode for seamless account switching and credit control as a service,god-mode-for-seamless-account-switching-and-credit-control-as-a-service,2025-11-06T00:00:00Z,Accountants & Bookkeepers,https://cdn.prod.website-files.com/663944fa0339e7ff8f65838d/690e06ea538d1231901d5a45_God%20mode%20(1).svg,"<p id="""">We’ve launched <strong id="""">God Mode</strong>, giving you a <strong id="""">single login</strong> across all your Adfin accounts ⚡⚡</p><p>‍</p><p id="""">You can now <strong id="""">switch between accounts</strong> or <strong id="""">create new ones</strong> straight from the dropdown menu in the top left of the Adfin Console.</p><p>‍</p><p id="""">It’s easier than ever to <strong id="""">refer clients</strong> too — you can spin up a new account for them in seconds, then invite them to book an onboarding call and finalise their setup 🙌</p><p>‍</p><p id="""">This update makes Adfin the perfect hub for <strong id="""">credit control as a service</strong>, giving you one place to manage all client activity 💼</p><p>‍</p><p id="""">👉 Find it in your <strong id="""">account dropdown</strong> at the top of the sidebar in the Adfin Console.</p><p id="""">‍</p><p id="""">‍</p>","<p id="""">We’ve launched <strong id="""">God Mode</strong>, giving you a <strong id="""">single login</strong> across all your Adfin accounts ⚡⚡</p><p id="""">‍</p><p id="""">You can now <strong id="""">switch between accounts</strong> or <strong id="""">create new ones</strong> straight from the dropdown menu in the top left of the Adfin Console.</p><p id="""">‍</p><p id="""">It’s easier than ever to <strong id="""">refer clients</strong> too — you can spin up a new account for them in seconds, then invite them to book an onboarding call and finalise their setup 🙌</p><p id="""">‍</p><p id="""">This update makes Adfin the perfect hub for <strong id="""">credit control as a service</strong>, giving you one place to manage all client activity 💼</p><p id="""">‍</p><p id="""">👉 Find it in your <strong id="""">account dropdown</strong> at the top of the sidebar in the Adfin Console.</p><p>‍</p><p id="""">‍</p>",,,https://adfin.com/changelog/god-mode-for-seamless-account-switching-and-credit-control-as-a-service
Import and sync customers your way,import-and-sync-customers-your-way,2025-09-23T00:00:00Z,Accountants & Bookkeepers,https://cdn.prod.website-files.com/663944fa0339e7ff8f65838d/68e55022976af54a3c647792_Screenshot%202025-10-07%20at%2018.38.34.png,"<p id="""">We’ve made importing contacts from Xero and QuickBooks smoother than ever ✨</p><p>‍</p><p id="""">You can now choose to import all customers, or only bring in specific contact groups if you use Xero. You can also decide whether new customers should sync automatically as they’re created 🔄</p><p>‍</p><p id="""">And don’t worry, if a customer is linked to an Adfin invoice, we’ll always import them so your invoicing keeps running without a hitch 💪</p><p>‍</p>","<p id="""">We’ve made importing contacts from Xero and QuickBooks smoother than ever ✨</p><p>‍</p><p id="""">You can now choose to import all customers, or only bring in specific contact groups if you use Xero. You can also decide whether new customers should sync automatically as they’re created 🔄</p><p>‍</p><p id="""">And don’t worry, if a customer is linked to an Adfin invoice, we’ll always import them so your invoicing keeps running without a hitch 💪</p><p>‍</p>",,,https://adfin.com/changelog/import-and-sync-customers-your-way
Import customers from Xero,import-customers-from-xero,2024-10-22T00:00:00Z,Accountants & Bookkeepers,https://cdn.prod.website-files.com/663944fa0339e7ff8f65838d/67375584afb6d6fe580f45bf_Screenshot%202024-10-30%20at%2013.27.13.webp,"<p id="""">Import all of your customers from Xero, or create add them to a Contact Group and tell us which Groups to import. </p><p id="""">‍</p>","<p id="""">It's quick and easy to import your customers from Xero to Adfin. You can either select all of your Xero customers, or first add customers to a group on Xero and tell us which group to import.</p><p>‍</p><p id=""""> </p><p id=""""> </p><p id="""">Once Xero is connected, in addition to the original import, any newly created customers in Xero will also be created in Adfin - so you don't have to worry about triggering further imports. </p><p id="""">‍</p><p id=""""> </p><p id="""">To import customers, head to Settings &gt; Integrations &gt; Manage Connection. </p><p id="""">‍</p>",,,https://adfin.com/changelog/import-customers-from-xero
Invoicing just got a major upgrade,invoicing-just-got-a-major-upgrade,2026-03-17T00:00:00Z,Accountants & Bookkeepers,https://cdn.prod.website-files.com/663944fa0339e7ff8f65838d/69d799511229887196cc1e9c_Screenshot%202026-04-09%20at%2015.19.22.png,"<p>We’ve made invoicing in Adfin more powerful than ever—helping you save time and stay in control.</p><p>‍</p><p><strong>Here’s what’s new:</strong></p><p>‍</p><p><strong>Automatic bank transfer payment allocation ✨<br></strong>Add Adfin bank transfer details directly to your invoice PDFs. When clients pay via bank transfer, we automatically match and allocate the payment to the correct invoice.</p><p>‍</p><p><strong>Xero tracking categories at line-item level 📊<br></strong>Sync your tracking categories from Xero and apply them to individual line items for more accurate, granular revenue tracking.</p><p>‍</p><p><strong>Simple price updates for recurring invoices 😎<br></strong>Update a product price once and it automatically applies across all your recurring invoices.</p><p>‍</p>","<p>We’ve made invoicing in Adfin more powerful than ever—helping you save time and stay in control.</p><p>‍</p><p><strong>Here’s what’s new:</strong></p><p>‍</p><p><strong>Automatic bank transfer payment allocation ✨<br></strong>Add Adfin bank transfer details directly to your invoice PDFs. When clients pay via bank transfer, we automatically match and allocate the payment to the correct invoice.</p><p>‍</p><p><strong>Xero tracking categories at line-item level 📊<br></strong>Sync your tracking categories from Xero and apply them to individual line items for more accurate, granular revenue tracking.</p><p>‍</p><p><strong>Simple price updates for recurring invoices 😎<br></strong>Update a product price once and it automatically applies across all your recurring invoices.</p><p>‍</p>",,,https://adfin.com/changelog/invoicing-just-got-a-major-upgrade
January useablity improvements,january-useablity-improvements,2025-02-03T00:00:00Z,Accountants & Bookkeepers,,"<p id="""">‍</p><p>‍</p><p id="""">We've made a number of small improvements to Adfin based on your feedback. </p>","<p id="""">We've made a number of small improvements to Adfin based on your feedback. </p><p id="""">‍</p><p id="""">These include:</p><ul id=""""><li id="""">Email alerts when an invoice which has been submitted for direct debit collection with Adfin is marked as paid in Xero /&nbsp;QuickBooks</li><li id="""">Enhancing our invoice logs with additional activities so you can track everything that has happened with an invoice </li><li id="""">Improving our invoice upload feature to remember when a customer has previously been merged on Adfin and automatically link the invoice to the new customer </li><li id="""">Showing which Xero organisation is linked to Adfin in Settings</li><li id="""">Hover over the ""Paid out"" status for a payout to view when your funds are expected to arrive</li></ul>",,,https://adfin.com/changelog/january-useablity-improvements
Manage credit control in Adfin,credit-control-dashboard,2025-12-02T00:00:00Z,Accountants & Bookkeepers,https://cdn.prod.website-files.com/663944fa0339e7ff8f65838d/693962fddddf6b8a704cb779_Screenshot%202025-12-10%20at%2012.09.19.png,"<p id="""">Credit control just got easier 📊✨</p><p id="""">‍</p><p id="""">Our new dashboards give you complete flexibility:</p><ul id=""""><li id=""""><strong id="""">Group</strong> by credit control status or action required</li><li id=""""><strong id="""">Sort and filter</strong> by any field</li><li id=""""><strong id="""">Choose</strong> exactly which columns you want to see</li><li id=""""><strong id="""">Save</strong> your favourite views for quick access ⭐</li></ul><p id="""">‍</p>","<p id="""">Credit control just got easier 📊✨</p><p>‍</p><p id="""">Our new dashboards give you complete flexibility:</p><ul id=""""><li id=""""><strong id="""">Group</strong> by credit control status or action required</li><li id=""""><strong id="""">Sort and filter</strong> by any field</li><li id=""""><strong id="""">Choose</strong> exactly which columns you want to see</li><li id=""""><strong id="""">Save</strong> your favourite views for quick access ⭐</li></ul><p id="""">‍</p>",,,https://adfin.com/changelog/credit-control-dashboard
Manage credit control with custom statuses,manage-credit-control-with-custom-statuses,2025-10-07T00:00:00Z,Accountants & Bookkeepers,https://cdn.prod.website-files.com/663944fa0339e7ff8f65838d/68e55430801844eb6d21cdd6_Screenshot%202025-10-07%20at%2018.55.51.png,"<p id="""">Credit controllers, this one’s for you 🙌</p><p id="""">‍</p><p id="""">You can now add custom statuses to any activity that’s at risk, giving you more control over how you track and manage your credit control process 💪</p><p id="""">‍</p><p id="""">Filter by these new statuses to stay organised and focused.</p><p id="""">‍</p><p id="""">Adfin will automatically move invoices and payments through to confirmed when they are paid. </p><p id="""">‍</p>","<p id="""">Credit controllers, this one’s for you 🙌</p><p id="""">‍</p><p id="""">You can now add custom statuses to any activity that’s at risk, giving you more control over how you track and manage your credit control process 💪</p><p id="""">‍</p><p id="""">Filter by these new statuses to stay organised and focused.</p><p id="""">‍</p><p id="""">Adfin will automatically move invoices and payments through to confirmed when they are paid. </p><p id="""">‍</p><p id="""">‍</p><p id="""">‍</p>",,,https://adfin.com/changelog/manage-credit-control-with-custom-statuses
More upgrades to our Xero and QuickBooks integrations,xero-and-quickbooks-improvements,2025-06-02T00:00:00Z,Accountants & Bookkeepers,,"<p id="""">We’ve made a few improvements to make syncing smoother and faster:</p><ul id=""""><li id="""">Invoices are now marked as sent in Xero and QuickBooks as soon as you send them from Adfin</li><li id="""">You can now see which QuickBooks company is connected right from your Adfin settings</li><li id="""">We’ve upgraded our connections so your invoices sync faster than ever</li></ul>","<p id="""">We’ve made a few improvements to make syncing smoother and faster:</p><ul id=""""><li id="""">Invoices are now marked as <em id="""">sent</em> in Xero and QuickBooks as soon as you send them from Adfin</li><li id="""">You can now see which QuickBooks company is connected right from your Adfin settings</li><li id="""">We’ve upgraded our connections so your invoices sync faster than ever</li></ul>",,,https://adfin.com/changelog/xero-and-quickbooks-improvements
More usability improvements,more-usability-improvements,2024-11-18T00:00:00Z,Accountants & Bookkeepers,,<p>We've upgraded and added several new features to the Console. </p>,"<ul id=""""><li id=""""><strong id="""">Cancel direct debit mandates: </strong>Click into the customer and select ""Cancel Direct Debit"" to cancel their mandate.&nbsp;If the mandate is pending signature, we'll automatically cancel any further reminders.</li><li id=""""><strong id="""">Customer search bar: </strong>Easily find and filter specific customers in the customer view. </li><li id=""""><strong id="""">Improved sorting:</strong> Sorting by status now automatically orders the records by activity date. For example, sorting by invoice status will place the most recently paid invoices at the top. We also remember your sorting preferences, so next time you open Adfin the tables will be as you left them. </li><li id=""""><strong id="""">Merge customers: </strong>Merging customers is now much more flexible, so it works for all scenarios. When you merge customers, we'll automatically cancel the mandate and Xero link associated with the archived customer. </li><li id=""""><strong id="""">Invoice upload:</strong> We’ve tweaked our invoice upload to make sure it doesn’t accept invalid documents that are not actually invoices - helping to minimise potential mistakes when dragging and dropping files into Adfin.</li></ul><p id="""">‍</p>",,,https://adfin.com/changelog/more-usability-improvements
Move your direct debit mandates to Adfin,seamlessly-migrate-your-direct-debit-mandates-to-adfin,2025-08-26T00:00:00Z,Accountants & Bookkeepers,https://cdn.prod.website-files.com/663944fa0339e7ff8f65838d/68c851b2e0835062c57e01f7_Group%202087327359.webp,"<p id="""">You can now switch your existing direct debit mandates from another provider to Adfin! <br><br>‍<strong id="""">Clients don't need to sign new mandates </strong>and your collections won't be interrupted<strong id=""""> </strong>✍️✨</p><p id="""">‍</p><h6 id="""">⚙️ <strong id="""">How it works</strong></h6><ul id=""""><li id="""">Let your old provider know that you'll be switching your mandates to Adfin</li><li id=""""><strong id="""">We manage all of the process and paperwork</strong></li><li id="""">On the change date, the mandates will be moved to Adfin</li><li id="""">We'll also automatically move over any recurring invoices to Adfin so<strong id=""""> your collections aren't interrupted</strong></li></ul><p id=""""><strong id="""">💌 Contact us</strong> to find out more and we'll guide you through every step of the process. <br>‍<br></p><p id="""">‍</p><p id="""">‍</p>","<p id="""">You can now switch your existing direct debit mandates from another provider to Adfin! <br><br>‍<strong id="""">Clients don't need to sign new mandates </strong>and your collections won't be interrupted<strong id=""""> </strong>✍️✨</p><p id="""">‍</p><h6 id="""">⚙️ <strong id="""">How it works</strong></h6><ul id=""""><li id="""">Let your old provider know that you'll be switching your mandates to Adfin</li><li id=""""><strong id="""">We manage all of the process and paperwork</strong></li><li id="""">On the change date, the mandates will be moved to Adfin</li><li id="""">We'll also automatically move over any recurring invoices to Adfin so<strong id=""""> your collections aren't interrupted</strong></li></ul><p id=""""><strong id="""">💌 Contact us</strong> to find out more and we'll guide you through every step of the process. </p><p id="""">‍</p><p id="""">‍</p><p id="""">‍<br></p><p id="""">‍</p>",,,https://adfin.com/changelog/seamlessly-migrate-your-direct-debit-mandates-to-adfin
New Settled status for invoices,new-settled-status-for-invoices,2025-04-14T00:00:00Z,Accountants & Bookkeepers,https://cdn.prod.website-files.com/663944fa0339e7ff8f65838d/6821c1429f000756af2d54e7_Screenshot%202025-05-12%20at%2010.36.40.png,"<p>We've added a Settled status for invoices to make it easier to track which invoices you have receievd funds to your bank account for. </p><p>‍</p><p>We'll update the invoice status to Settled once we have made the payout of funds to your bank account. </p><p>‍</p><p>Please note, if your invoice has been marked as paid by a non-Adfin payment, it will remain in the Paid state. </p>","<p id="""">We've added a Settled status for invoices to make it easier to track which invoices Adfin has paid you out for. </p><p id="""">‍</p><p id="""">We'll update the invoice status to Settled once we have made the payout of funds to your bank account. </p><p id="""">‍</p><p id="""">Please note, if your invoice has been marked as paid by a non-Adfin payment, it will remain in the Paid state. </p><p id="""">‍</p>",,,https://adfin.com/changelog/new-settled-status-for-invoices
New and improved emails,new-and-improved-emails,2024-12-04T00:00:00Z,Accountants & Bookkeepers,,<p>We've made more updates and improvements to our emails. </p>,"<p id="""">Lastly, on our quest to make Adfin the best possible way for your clients to pay, we've updated our emails again. </p><p id=""""> </p><p>‍</p><p id="""">We've tweaked designs to make your brand more prominent and the display information even more clearly for clients using any browser or device. </p><p>‍</p><p id=""""> </p><p id="""">If you are collecting an invoice using direct debit, we'll email the client with the invoice immediately when it is issued. If they haven't yet signed their mandate, we'll even include a reminder and link to sign it. </p><p id="""">‍</p>",,,https://adfin.com/changelog/new-and-improved-emails
New and improved onboarding,new-and-improved-onboarding,2025-02-17T00:00:00Z,Accountants & Bookkeepers,https://cdn.prod.website-files.com/663944fa0339e7ff8f65838d/67c977cce5b8be2a5771ae37_Screenshot%202025-03-06%20at%2010.24.04.png,"<p id="""">Sign up and get started with Adfin faster than ever before. </p>","<p id="""">Sign up and get started with Adfin faster than ever before. </p><p id="""">‍</p><p id="""">Follow the link on our website to sign up. First you'll need to complete a short form and we'll create an Adfin account for you. </p><p id="""">‍</p><p id="""">Once you get access to Adfin, we will ask you to complete verification on your business so you can start accepting payments and then complete four quick steps to configure your account - don't worry, we're here to guide you through the process! </p><p id="""">‍</p>",,,https://adfin.com/changelog/new-and-improved-onboarding
New and improved payment and direct debit mandate pages,upgraded-payment-and-direct-debit-mandate-pages,2025-03-26T00:00:00Z,Accountants & Bookkeepers,https://cdn.prod.website-files.com/663944fa0339e7ff8f65838d/67e3b7d70f4762802b9f8d7e_Screenshot%202025-03-26%20at%2008.16.15.png,"<p id="""">We've made it even easier for your customers to pay their invoices! Our new payment pages are so slick, your customer don't have any more excuses...</p><p id="""">‍</p><p id="""">Your branding is now even more prominent and you can also set a secondary branding colour to be used in the background of the pages and emails. </p>","<p id="""">We've made it even easier for your customers to pay their invoices! Our new payment pages are so slick, your customer don't have any more excuses...</p><p id="""">‍</p><p id="""">Your branding is now even more prominent and you can also set a secondary branding colour to be used in the background of the pages and emails. </p><p id="""">‍</p><p id="""">‍</p>",,,https://adfin.com/changelog/upgraded-payment-and-direct-debit-mandate-pages
New bulk actions,new-bulk-actions,2025-01-20T00:00:00Z,Accountants & Bookkeepers,,<p>We've added new actions to the console to allow resending of invoices and resending of direct debit mandates in bulk. </p>,"<p id="""">We've added new actions to the console to allow resending of invoices and resending of direct debit mandates in bulk. </p><p>‍</p><p id="""">Select multiple invoices that have already been sent from the invoice table and use the bottom tray to resend them in bulk. </p><p>‍</p><p id="""">Select multiple customers in the customer table and use the bottom tray to resend direct debit mandates in bulk. </p>",,,https://adfin.com/changelog/new-bulk-actions
Onboard and accept payments immediately,accept-payments-immediately,2025-01-27T00:00:00Z,Accountants & Bookkeepers,https://cdn.prod.website-files.com/663944fa0339e7ff8f65838d/679cd9431642a8f2e8a06acd_Screenshot%202025-01-31%20at%2014.07.50.png,"<p id="""">We've improved our onboarding process so you can start accepting payments whilst your bank account information is being reviewed. </p>","<p id="""">We've improved our onboarding process so you can start accepting payments whilst your bank account information is being reviewed. </p><p id="""">‍</p><p id="""">This allows you to start sending invoices and accepting payments immediately after your KYB is complete. </p>",,,https://adfin.com/changelog/accept-payments-immediately
Our new transactions dashboard is here!,transactionsdashboard,2024-10-24T00:00:00Z,Accountants & Bookkeepers,https://cdn.prod.website-files.com/663944fa0339e7ff8f65838d/6722ffd8f89fabf0fcd21872_placeholder.jpg,"<p id="""">Nullam ornare lorem a tincidunt vestibulum. Ut tortor tellus, rhoncus dapibus tincidunt id, fermentum quis mauris. Morbi vulputate sapien eget tincidunt molestie. Pellentesque imperdiet, lectus eu accumsan ultricies, ligula mi sagittis sem, vulputate aliquet risus lorem et nunc. Aenean auctor sodales pellentesque. Suspendisse potenti. Donec vulputate, ligula ac tempor euismod, velit mauris ornare nibh, eu accumsan purus mauris in lacus. Nam non dictum libero, ut suscipit est.</p><p>‍</p>","<p id="""">Nullam ornare lorem a tincidunt vestibulum. Ut tortor tellus, rhoncus dapibus tincidunt id, fermentum quis mauris. Morbi vulputate sapien eget tincidunt molestie. Pellentesque imperdiet, lectus eu accumsan ultricies, ligula mi sagittis sem, vulputate aliquet risus lorem et nunc. Aenean auctor sodales pellentesque. Suspendisse potenti. Donec vulputate, ligula ac tempor euismod, velit mauris ornare nibh, eu accumsan purus mauris in lacus. Nam non dictum libero, ut suscipit est.</p><p id="""">Nullam ornare lorem a tincidunt vestibulum. Ut tortor tellus, rhoncus dapibus tincidunt id, fermentum quis mauris. Morbi vulputate sapien eget tincidunt molestie. Pellentesque imperdiet, lectus eu accumsan ultricies, ligula mi sagittis sem, vulputate aliquet risus lorem et nunc. Aenean auctor sodales pellentesque. Suspendisse potenti. Donec vulputate, ligula ac tempor euismod, velit mauris ornare nibh, eu accumsan purus mauris in lacus. Nam non dictum libero, ut suscipit est.</p><ul><li>Nullam ornare lorem a tincidunt vestibulum. Ut tortor tellus, rhoncus dapibus tincidunt id, fermentum quis mauris. Morbi vulputate sapien eget tincidunt molestie. Pellentesque imperdiet, lectus eu accumsan ultricies, ligula mi sagittis sem, vulputate aliquet risus lorem et nunc. Aenean auctor sodales pellentesque. Suspendisse potenti. Donec vulputate, ligula ac tempor euismod, velit mauris ornare nibh, eu accumsan purus mauris in lacus. Nam non dictum libero, ut suscipit est.</li><li>Nullam ornare lorem a tincidunt vestibulum. Ut tortor tellus, rhoncus dapibus tincidunt id, fermentum quis mauris. Morbi vulputate sapien eget tincidunt molestie. Pellentesque imperdiet, lectus eu accumsan ultricies, ligula mi sagittis sem, vulputate aliquet risus lorem et nunc. Aenean auctor sodales pellentesque. Suspendisse potenti. Donec vulputate, ligula ac tempor euismod, velit mauris ornare nibh, eu accumsan purus mauris in lacus. Nam non dictum libero, ut suscipit est.</li><li>Nullam ornare lorem a tincidunt vestibulum. Ut tortor tellus, rhoncus dapibus tincidunt id, fermentum quis mauris. Morbi vulputate sapien eget tincidunt molestie. Pellentesque imperdiet, lectus eu accumsan ultricies, ligula mi sagittis sem, vulputate aliquet risus lorem et nunc. Aenean auctor sodales pellentesque. Suspendisse potenti. Donec vulputate, ligula ac tempor euismod, velit mauris ornare nibh, eu accumsan purus mauris in lacus. Nam non dictum libero, ut suscipit est.</li></ul>",,,
Payment success emails,payment-success-emails,2025-02-24T00:00:00Z,Accountants & Bookkeepers,https://cdn.prod.website-files.com/663944fa0339e7ff8f65838d/67c97b4a03737059c3fb55cb_Screenshot%202025-03-06%20at%2010.36.48.png,<p>Now you can opt to receive an email each time a customer pays! Head to settings &gt; notifications to turn this email on or off. </p>,"<p id="""">Now you can opt to receive an email each time a customer pays! Head to settings &gt; notifications to turn this email on or off. This email is sent immediately after your customer has paid. </p><p>‍</p><p id="""">This email is configured at a user level, meaning that the setting you choose for yourself will not be applied to other users on your Adfin account. </p>",,,https://adfin.com/changelog/payment-success-emails
Performance and usability improvements,performance-and-usability-improvements,2024-09-15T00:00:00Z,Accountants & Bookkeepers,https://cdn.prod.website-files.com/663944fa0339e7ff8f65838d/673756b75810a78a7b2a605f_Screenshot%202024-09-30%20at%2013.37.46.webp,"<p id="""">Based on your feedback we’ve added new features to save you time and effort when using Adfin. </p>","<p id="""">Based on your feedback we’ve added new features to save you time and effort when using Adfin. Please keep the feedback coming! We want Adfin to be the easiest to use payments tool on the planet. &nbsp;</p><ul id=""""><li id="""">New interface: we’ve updated our console to make it easier and faster for the most common uses we see on the platform</li><li id="""">Sort invoices and customers: all tables are now sortable by column </li><li id="""">Updated email, whatsapp and SMS messages: further improving the experience for your customers </li><li id="""">Overdue workflow notifications: we’ve tweaked our workflows so if you send an invoice that is already overdue then we skip straight to our overdue reminders</li><li id="""">And remember: any replies to Adfin emails are routed directly to your email.</li></ul><p>‍</p>",,,https://adfin.com/changelog/performance-and-usability-improvements
Personalise emails: add your logo and brand scheme,personalise-emails,2024-10-31T00:00:00Z,Accountants & Bookkeepers,https://cdn.prod.website-files.com/663944fa0339e7ff8f65838d/673b2cc31ea3dd3725eb6140_Screenshot%202024-11-18%20at%2012.01.46.png,"<p id="""">Showcase your brand by adding your own touch to customer communications sent by Adfin. </p><p id="""">‍</p>","<p id="""">Showcase your brand by adding your own touch to customer communications sent by Adfin. You can add your logo, icon and colour scheme to the payment request, reminder and direct debit mandate emails. </p><p>‍</p><p id="""">Head to Settings &gt; Branding to configure this. Here you can also preview exactly what your customer will see. 👀</p><p id="""">‍</p>",,,https://adfin.com/changelog/personalise-emails
Preview adaptive templates before sending,preview-adaptive-templates-before-sending,2026-04-07T00:00:00Z,Accountants & Bookkeepers,https://cdn.prod.website-files.com/663944fa0339e7ff8f65838d/69d799b83d6adf1df1eea769_Screenshot%202026-04-09%20at%2015.21.05.png,"<p>Adaptive templates automatically detect placeholder text—like customer names, invoice numbers, or amounts—and tailor messages to each recipient ✨</p><p>‍</p><p>This lets you send personalised payment reminders from your own email address without any manual work. In fact, payments requested with adaptive templates are paid <strong>70% faster</strong> ⚡</p><p>‍</p><p>To make getting started easier, you can now preview exactly how a message will appear to a specific customer while creating or editing a template.</p><p>‍</p><p>Go to <strong>Settings → Adaptive templates</strong>, select a template, and click <strong>Preview</strong> to see what Autopilot will send 🤖</p>","<p>Adaptive templates automatically detect placeholder text—like customer names, invoice numbers, or amounts—and tailor messages to each recipient ✨</p><p>‍</p><p>This lets you send personalised payment reminders from your own email address without any manual work. In fact, payments requested with adaptive templates are paid <strong>70% faster</strong> ⚡</p><p>‍</p><p>To make getting started easier, you can now preview exactly how a message will appear to a specific customer while creating or editing a template.</p><p>‍</p><p>Go to <strong>Settings → Adaptive templates</strong>, select a template, and click <strong>Preview</strong> to see what Autopilot will send 🤖</p><p>‍</p>",,,https://adfin.com/changelog/preview-adaptive-templates-before-sending
QuickBooks is now live!,quickbooks-is-now-live,2025-01-20T00:00:00Z,Accountants & Bookkeepers,https://cdn.prod.website-files.com/663944fa0339e7ff8f65838d/679a72ea168a80d6f9cb25bf_Screenshot%202025-01-29%20at%2018.26.27.png,"<p id="""">Adfin's integration with QuickBooks is live! Connect your Adfin account with a QuickBooks organisation to automatically import invoices, customers and make reconciliation easy.</p>","<p id="""">Adfin's integration with QuickBooks is live! Connect your Adfin account with a QuickBooks organisation to automatically import invoices, customers and make reconciliation easy.</p><p id="""">‍</p><p id="""">The new integration supports: </p><ul id=""""><li id="""">Importing customers from QuickBooks to Adfin </li><li id="""">Syncing customers between Adfin and QuickBooks </li><li id="""">Importing and syncing invoices from QuickBooks to Adfin </li><li id="""">Syncing credit notes and payments applied in QuickBooks to Adfin</li><li id="""">Automatically applying payments made using Adfin to QuickBooks invoices </li><li id="""">Helping automate your reconciliation process in&nbsp;Quickbooks </li></ul>",,,https://adfin.com/changelog/quickbooks-is-now-live
Receive an email when a direct debit mandate is signed,alerts-for-each-time-a-direct-debit-mandate-is-signed,2025-03-13T00:00:00Z,Accountants & Bookkeepers,https://cdn.prod.website-files.com/663944fa0339e7ff8f65838d/67d97e8b6450675d0f103d79_Screenshot%202025-03-18%20at%2015.09.08.png,"<p id="""">Now you can opt to receive an email each time one of your customer's signs a direct debit mandate. </p><p id="""">‍</p><p id="""">To enable this, head to settings &gt;&nbsp;notifications and toggle on email alerts for ""Direct debit mandate signed"".</p>","<p id="""">Now you can opt to receive an email each time one of your customers signs a direct debit mandate. </p><p id="""">‍</p><p id="""">To enable this, head to settings &gt;&nbsp;notifications and toggle on email alerts for ""Direct debit mandate signed"".</p><p id="""">‍</p>",,,https://adfin.com/changelog/alerts-for-each-time-a-direct-debit-mandate-is-signed
Recurring payment requests are here!,recurring-payments-are-here,2025-08-01T00:00:00Z,Accountants & Bookkeepers,https://cdn.prod.website-files.com/663944fa0339e7ff8f65838d/688a4c5fa9ef1a6e618782a1_Screenshot%202025-07-30%20at%2017.46.12.png,"<p id="""">You can now create <strong id="""">payment schedules</strong> in Adfin to collect recurring payments from your customers. This makes it easy to:</p><ul id=""""><li id="""">Collect a fixed amount each week, month, or year</li><li id="""">Split invoices into instalments by setting the amount and number of occurrences</li><li id="""">Automate regular payments with less manual work</li></ul><h6 id="""">🛠️ <strong id="""">How it works</strong></h6><ul id=""""><li id="""">Choose the <strong id="""">frequency</strong> (weekly, monthly, or yearly)</li><li id="""">Set a <strong id="""">start date</strong> and an optional <strong id="""">end date</strong></li><li id="""">Works with both <strong id="""">On Demand</strong> and <strong id="""">Auto Collect</strong> payment requests</li></ul><p id="""">👉 <strong id="""">Where to find it:</strong> Click <strong id="""">Payment link</strong> and toggle on the <strong id="""">Recurring</strong> option</p><p id="""">‍</p><p id="""">Recurring payments help you get paid on time and give your customers a smoother experience. Give it a try and save time on your regular billing! 💡</p><p id="""">‍</p>","<p id="""">You can now create <strong id="""">payment schedules</strong> in Adfin to collect recurring payments from your customers. This makes it easy to:</p><ul id=""""><li id="""">Collect a fixed amount each week, month, or year</li><li id="""">Split invoices into instalments by setting the amount and number of occurrences</li><li id="""">Automate regular payments with less manual work</li></ul><h6 id="""">🛠️ <strong id="""">How it works</strong></h6><ul id=""""><li id="""">Choose the <strong id="""">frequency</strong> (weekly, monthly, or yearly)</li><li id="""">Set a <strong id="""">start date</strong> and an optional <strong id="""">end date</strong></li><li id="""">Works with both <strong id="""">On Demand</strong> and <strong id="""">Auto Collect</strong> payment requests</li></ul><p id="""">👉 <strong id="""">Where to find it:</strong> Click <strong id="""">Payment link</strong> and toggle on the <strong id="""">Recurring</strong> option</p><p id="""">‍</p><p id="""">Recurring payments help you get paid on time and give your customers a smoother experience. Give it a try and save time on your regular billing! 💡</p><p id="""">‍</p>",,,https://adfin.com/changelog/recurring-payments-are-here
Refer you clients and friends with a dedicated link,refer-you-clients-and-friends-with-a-dedicated-link,2025-04-07T00:00:00Z,Accountants & Bookkeepers,https://cdn.prod.website-files.com/663944fa0339e7ff8f65838d/6821b81b87013a3823f8406b_Screenshot%202025-05-12%20at%2009.57.56.png,"<p id="""">Have a client that would love using Adfin? Click ""make a referral"" in the console and find your dedicated referral link for sign ups. </p>","<p id="""">Have a client or friend that would love using Adfin? Click ""make a referral"" in the console and find your dedicated referral link for sign ups. </p><p id="""">‍</p><p id="""">Using this link allows us to automatically track who you have referred. In the coming months we'll also be building this out so you can track exactly where your referrals are in their journey with Adfin. </p><p id="""">‍</p><p id="""">If you're an Accountant or Bookkkeeper, you can benefit from the ABC club and earn discounts and rewards for referring your clients. You can find more details here: https://www.adfin.com/abc</p><p id="""">‍</p><p id="""">For businesses, we'll send you a bottle of wine for every friend you successfully refer! </p><p id="""">‍</p>",,,https://adfin.com/changelog/refer-you-clients-and-friends-with-a-dedicated-link
Reinstate cancelled direct debit mandates with one click,reinstate-cancelled-direct-debit-mandates-with-one-click,2026-03-03T00:00:00Z,Accountants & Bookkeepers,https://cdn.prod.website-files.com/663944fa0339e7ff8f65838d/69af0729c1ab19d529c6c2f9_Screenshot%202026-03-09%20at%2017.45.05.png,"<p>Sometimes a client might accidentally cancel their direct debit mandate, or it may be cancelled in error by their bank.</p><p>‍</p><p>When this happens, you can now <strong>quickly reinstate the mandate with a single click</strong>. We’ll use the customer’s previous details to create a new mandate, so <strong>your client doesn’t need to re-enter their bank details</strong> <strong>&nbsp;🔄</strong></p><p>‍</p><p>You’ll be prompted to reinstate the mandate via email, and we’ll also create a task in your dashboard so it’s easy to take action.</p><p>‍</p><p>Once the mandate is reinstated, <strong>you can immediately resume direct debit collections with that customer. </strong>Any unpaid payments will be automatically scheduled for collection automatically 💸.</p><p>‍</p><p>‍</p>","<p>Sometimes a client might accidentally cancel their direct debit mandate, or it may be cancelled in error by their bank.</p><p>‍</p><p>When this happens, you can now <strong>quickly reinstate the mandate with a single click</strong>. We’ll use the customer’s previous details to create a new mandate, so <strong>your client doesn’t need to re-enter their bank details</strong> <strong>&nbsp;🔄</strong></p><p>‍</p><p>You’ll be prompted to reinstate the mandate via email, and we’ll also create a task in your dashboard so it’s easy to take action.</p><p>‍</p><p>Once the mandate is reinstated, <strong>you can immediately resume direct debit collections with that customer. </strong>Any unpaid payments will be automatically scheduled for collection automatically 💸.</p><p>‍</p>",,,https://adfin.com/changelog/reinstate-cancelled-direct-debit-mandates-with-one-click
Resend payment reminders and direct debit mandate requests,resend-payment-reminders-and-direct-debit-mandate-requests,2024-11-25T00:00:00Z,Accountants & Bookkeepers,,"<p id="""">Send another reminder without interrupting existing reminder workflows. </p><p id="""">‍</p>","<p id="""">‍</p><p id="""">Has your customer lost control of their inbox? Or do they just need another reminder?</p><p id="""">‍</p><p id="""">To send another one-time invoice payment reminder, click into any Outstanding or Overdue invoice and click ""resend"" from the bottom draw. This will not interrupt or restart any existing reminder workflow, the new reminder will be sent in addition to what is already planned.</p><p id="""">‍</p><p id="""">To resend a direct debit mandate request, click into any Customer with the direct debit status ""Awaiting signature"" and select ""Resend mandate"" from the bottom of the tray. This is also an additional reminder on top of the existing workflow.</p><p id="""">‍</p><p id=""""> </p><p id="""">‍</p>",,,https://adfin.com/changelog/resend-payment-reminders-and-direct-debit-mandate-requests
Reusable direct debit mandate link for customer signups,reusable-direct-debit-mandate-link-for-customer-signups,2026-01-06T00:00:00Z,Accountants & Bookkeepers,https://cdn.prod.website-files.com/663944fa0339e7ff8f65838d/695e181b3e516b016b6e623a_Screenshot%202026-01-07%20at%2010.23.46.png,"<p>You can now use a single, reusable link to let any customer set up a direct debit mandate with you. </p><p>‍</p><p>The link works for everyone, so you can drop it into proposal templates, your website, email signature, or anywhere else you share links 🔗</p><p>‍<br>Each time it’s used, we’ll email you to let you know. Adfin will automatically match the mandate to an existing customer or create a new one if needed, and add tags so it’s easy to manage later 🏷️</p><p>‍</p><p>👉 Head to <strong>Links</strong> in the sidebar and select <strong>direct debit mandate link</strong> to copy and share your signup link.</p><p>‍</p>","<p>You can now use a single, reusable link to let any customer set up a direct debit mandate with you. </p><p>‍</p><p>The link works for everyone, so you can drop it into proposal templates, your website, email signature, or anywhere else you share links 🔗</p><p>‍<br>Each time it’s used, we’ll email you to let you know. Adfin will automatically match the mandate to an existing customer or create a new one if needed, and add tags so it’s easy to manage later 🏷️</p><p>‍</p><p>👉 Head to <strong>Links</strong> in the sidebar and select <strong>direct debit mandate link</strong> to copy and share your signup link.</p><p>‍</p>",,,https://adfin.com/changelog/reusable-direct-debit-mandate-link-for-customer-signups
"See when a direct debit payment will be collected from your customer, and reach your bank",see-when-a-direct-debit-payment-will-be-collected-from-your-customer-and-reach-your-bank,2024-11-25T00:00:00Z,Accountants & Bookkeepers,,"<p id="""">Hover your cursor over the activity for a Scheduled or Processing invoices to see information on the payment. </p><p id="""">‍</p>","<p id="""">‍</p><p id="""">To help you keep track of direct debit payments, you can now see when a payment will be collected and when it is expected to reach your bank. </p><p id="""">‍</p><p id="""">Hover your cursor over the activity icon for a Scheduled invoice to see when the payment will be collected from your customer. Do the same for a Processing invoice to see when the payment will settle to your bank. </p><p id="""">‍</p>",,,https://adfin.com/changelog/see-when-a-direct-debit-payment-will-be-collected-from-your-customer-and-reach-your-bank
Select how you sync payments to Xero,select-how-you-sync-payments-to-xero,2025-11-11T00:00:00Z,Accountants & Bookkeepers,https://cdn.prod.website-files.com/663944fa0339e7ff8f65838d/691381c96391bc66a8c734e6_Screenshot%202025-11-11%20at%2018.34.20.png,"<p id="""">We’ve enhanced our Xero integration so you can now choose how payments <strong id="""">without an invoice</strong> are synced to Xero. You can:</p><ul id=""""><li>Sync payments as <strong id="""">Receive Money</strong> transactions 💸</li><li>Or as <strong id="""">Overpayments</strong> ➕</li><li>Choose the <strong id="""">account</strong> you want the payment coded to — including a <strong id="""">Liability</strong> account 📘</li></ul><p>‍</p><p id="""">👉 Head to your <strong id="""">Xero configuration</strong> in <strong id="""">Settings</strong> to manage these options.</p><p id="""">‍</p>","<p id="""">We’ve enhanced our Xero integration so you can now choose how payments <strong id="""">without an invoice</strong> are synced to Xero. You can:</p><ul id=""""><li id="""">Sync payments as <strong id="""">Receive Money</strong> transactions 💸</li><li id="""">Or as <strong id="""">Overpayments</strong> ➕</li><li id="""">Choose the <strong id="""">account</strong> you want the payment coded to — including a <strong id="""">Liability</strong> account 📘</li></ul><p id="""">‍</p><p id="""">👉 Head to your <strong id="""">Xero configuration</strong> in <strong id="""">Settings</strong> to manage these options.</p><p>‍</p>",,,https://adfin.com/changelog/select-how-you-sync-payments-to-xero
Select whether or not to automatically move payments over to Auto Collect when a mandate is signed,select-whether-or-not-to-automatically-move-payments-over-to-auto-collect-when-a-mandate-is-signed,2026-03-03T00:00:00Z,Accountants & Bookkeepers,https://cdn.prod.website-files.com/663944fa0339e7ff8f65838d/69af080a296c0163d9a5577a_Screenshot%202026-03-09%20at%2017.48.49.png,"<p>We’ve added <strong>more customisation </strong>to your workflows. You can now choose whether existing On Demand payments should automatically move to Auto Collect when a direct debit mandate is signed.</p><p>‍</p><p>This gives you more flexibility depending on how you want to manage collections:</p><ul><li><strong>Collect outstanding invoices automatically </strong>– If a client has unpaid invoices that were intended to be collected by direct debit, you can automatically switch them to Auto Collect as soon as the mandate is signed.</li><li><strong>Only collect new invoices </strong>– If your client is only paying new invoices by direct debit, you can leave this setting off so older On Demand invoices won’t be picked up.<br></li></ul><p>👉 You can find this setting in Auto Collect workflows.</p><p>‍</p>","<p>We’ve added <strong>more customisation </strong>to your workflows. You can now choose whether existing On Demand payments should automatically move to Auto Collect when a direct debit mandate is signed.</p><p>‍</p><p>This gives you more flexibility depending on how you want to manage collections:</p><ul><li><strong>Collect outstanding invoices automatically </strong>– If a client has unpaid invoices that were intended to be collected by direct debit, you can automatically switch them to Auto Collect as soon as the mandate is signed.</li><li><strong>Only collect new invoices </strong>– If your client is only paying new invoices by direct debit, you can leave this setting off so older On Demand invoices won’t be picked up.<br></li></ul><p>👉 You can find this setting in Auto Collect workflows.</p><p>‍</p><p>‍</p>",,,https://adfin.com/changelog/select-whether-or-not-to-automatically-move-payments-over-to-auto-collect-when-a-mandate-is-signed
Select which direct debit mandate to keep when merging customers,select-which-direct-debit-mandate-to-keep-when-merging-customers,2025-04-21T00:00:00Z,Accountants & Bookkeepers,https://cdn.prod.website-files.com/663944fa0339e7ff8f65838d/6821b95cee5907320e0f1833_Screenshot%202025-05-12%20at%2010.03.17.png,"<p id="""">We've upgraded our merge customer functionality so you have full flexibility to select which associated item from each customer record to keep when merging, making it easier to manage your duplicate customers. </p>","<p id="""">We've upgraded our merge customer functionality so you have full flexibility to select which associated item from each customer record to keep when merging, making it easier to manage your duplicate customers. </p><p id="""">‍</p><p id="""">Now you can merge customer A and B, whilst retaining the details of customer A but the direct debit mandate for customer B - handy when you have previously set up a mandate using an old customer record! </p><p id="""">‍</p>",,,https://adfin.com/changelog/select-which-direct-debit-mandate-to-keep-when-merging-customers
Send emails to multiple contacts,send-emails-to-multiple-contacts,2024-12-04T00:00:00Z,Accountants & Bookkeepers,https://cdn.prod.website-files.com/663944fa0339e7ff8f65838d/6751ff1b305f1fc1c3219e35_1.png,"<p id="""">Add multiple contacts to a customer and opt to send emails from Adfin to multiple recipients. </p><p>‍</p>","<p id="""">Add multiple contacts to a customer and opt to send emails from Adfin to multiple recipients. </p><p id=""""> </p><p>‍</p><p id="""">If you're connected using Xero, you will already see all of your contacts associated with a customer imported into Adfin. To view these, click into the customer record. We have loaded in your default settings as to whether or not the contact should be included in emails. </p><p id=""""> </p><p>‍</p><p id="""">Of course, you can also manage all of your contacts and customers directly in Adfin (in fact, you may well prefer to!). There is a full two way sync so any updates in Adfin are applied to Xero. </p><p>‍</p>",,,https://adfin.com/changelog/send-emails-to-multiple-contacts
Send personalised mandate requests with Autopilot.,autopilot-for-auto-collect,2025-12-09T00:00:00Z,Accountants & Bookkeepers,,"<p>‍</p><p>You can now use <strong>Autopilot</strong> with <strong>Auto Collect</strong> 🤖</p><p>‍</p><p>Send mandate requests from <strong>your own email address</strong> and choose from your <strong>adaptive templates</strong> for a more personal touch. We’ve already seen great results, with customers signing up after previously ignoring mandate requests 🚀</p><p>‍</p><p>👉 Head to <strong>Auto Collect workflows</strong> in Settings to enable Auto Collect for mandate requests.</p><p>‍</p>","<p>‍</p><p>You can now use <strong>Autopilot</strong> with <strong>Auto Collect</strong> 🤖</p><p>‍</p><p>Send mandate requests from <strong>your own email address</strong> and choose from your <strong>adaptive templates</strong> for a more personal touch. We’ve already seen great results, with customers signing up after previously ignoring mandate requests 🚀</p><p>‍</p><p>👉 Head to <strong>Auto Collect workflows</strong> in Settings to enable Auto Collect for mandate requests.</p><p>‍</p>",,,https://adfin.com/changelog/autopilot-for-auto-collect
"Send personalised, sequenced reminders from your own email address with Autopilot",send-personalised-sequenced-reminders-from-your-own-email-address,2026-02-24T00:00:00Z,Accountants & Bookkeepers,https://cdn.prod.website-files.com/663944fa0339e7ff8f65838d/699d7fb5837f572e7d9682a4_Screenshot%202026-02-24%20at%2010.38.35.png,"<p>Stuck between static reminder templates that get ignored and spending too long writing personal follow-ups? ⏳</p><p>‍</p><p>Adaptive templates let you <strong>send personalised reminder emails automatically</strong> from your <strong>own email address</strong>. <br><br>They <strong>use your tone and structure</strong>, flexed using the context available in adfin. Invoice details, amounts due and a payment link are added automatically so customers can pay quickly 💸</p><p>‍</p><p><strong>What’s new 🚀</strong></p><ul><li>Adaptive templates now work in <strong>statement workflows </strong>— we’ll include the total overdue amount and a link to the statement to pay&nbsp;</li><li>Adfin <strong>automatically categorises</strong> the templates you create, so you can confidently choose the right one (e.g. mandate reminders)&nbsp;</li><li>You can now <strong>add your signature</strong> (including images and links) to make messages feel even more personal and trustworthy&nbsp;</li></ul><p>👉 Not set up yet? Head <a href=""https://console.adfin.com/onboarding/autopilot/intro"">here</a> to get started.</p><p>‍</p><p>💡 Already using them? Visit workflow settings to customise where adaptive templates are used&nbsp;</p><p>‍</p>","<p>Stuck between static reminder templates that get ignored and spending too long writing personal follow-ups? ⏳</p><p>‍</p><p>Adaptive templates let you <strong>send personalised reminder emails automatically</strong> from your <strong>own email address</strong>. <br><br>They <strong>use your tone and structure</strong>, flexed using the context available in adfin. Invoice details, amounts due and a payment link are added automatically so customers can pay quickly 💸</p><p>‍</p><p><strong>What’s new 🚀</strong></p><ul><li>Adaptive templates now work in <strong>statement workflows </strong>— we’ll include the total overdue amount and a link to the statement to pay&nbsp;</li><li>Adfin <strong>automatically categorises</strong> the templates you create, so you can confidently choose the right one (e.g. mandate reminders)&nbsp;</li><li>You can now <strong>add your signature</strong> (including images and links) to make messages feel even more personal and trustworthy&nbsp;</li></ul><p>👉 Not set up yet? Head <a href=""https://console.adfin.com/onboarding/autopilot/intro"">here</a> to get started.</p><p>‍</p><p>💡 Already using them? Visit workflow settings to customise where adaptive templates are used&nbsp;</p><p>‍</p><p>‍</p><p>‍</p>",,,https://adfin.com/changelog/send-personalised-sequenced-reminders-from-your-own-email-address
Set default payment workflows per customer,set-default-payment-workflows-per-customer,2026-01-14T00:00:00Z,Accountants & Bookkeepers,https://cdn.prod.website-files.com/663944fa0339e7ff8f65838d/69661e8c780cbbfea4d0ad05_Screenshot%202026-01-13%20at%2010.29.19.png,"<p>Control how Adfin collects payments for each customer, without your team having to decide every time. Defaults keep collections consistent and aligned with customer agreements.</p><ul><li><strong>Choose how each customer pays</strong> – set Auto Collect or On Demand as the default ⭐</li><li><strong>Decide how payments are requested</strong> – collect invoices individually or only via statements</li><li><strong>Prevent the wrong method</strong> – turn off Auto Collect for customers who haven’t agreed to direct debit </li><li> <strong>Manage at scale or individually</strong> – set rules globally, bulk update multiple customers, or fine-tune workflows for a single customer</li><li><strong>Works with Xero and QuickBooks</strong> – Adfin follows your accounting rules where set, or falls back to customer defaults 🎯</li></ul><p>👉 You’ll find this in <strong>Settings → Workflows → Customer defaults</strong>, or on each customer’s <strong>Workflows</strong> tab.</p><p>‍</p>","<p>Control how Adfin collects payments for each customer, without your team having to decide every time. Defaults keep collections consistent and aligned with customer agreements.</p><ul><li><strong>Choose how each customer pays</strong> – set Auto Collect or On Demand as the default ⭐</li><li><strong>Decide how payments are requested</strong> – collect invoices individually or only via statements</li><li><strong>Prevent the wrong method</strong> – turn off Auto Collect for customers who haven’t agreed to direct debit </li><li> <strong>Manage at scale or individually</strong> – set rules globally, bulk update multiple customers, or fine-tune workflows for a single customer</li><li><strong>Works with Xero and QuickBooks</strong> – Adfin follows your accounting rules where set, or falls back to customer defaults 🎯</li></ul><p>👉 You’ll find this in <strong>Settings → Workflows → Customer defaults</strong>, or on each customer’s <strong>Workflows</strong> tab.</p><p>‍</p><p>‍</p>",,,https://adfin.com/changelog/set-default-payment-workflows-per-customer
Set default workflows per customer,set-default-workflows-per-customer,2025-01-27T00:00:00Z,Accountants & Bookkeepers,https://cdn.prod.website-files.com/663944fa0339e7ff8f65838d/679b6124caf375d232f129c9_Screenshot%202025-01-30%20at%2011.23.09.png,"<p id="""">Configure a default chasing workflow for one-time payment requests and retry workflows for direct debits. </p>","<p id="""">Configure a default chasing workflow for one-time payment requests and retry workflows for direct debits. </p><p id="""">‍</p><p id="""">Click into the customer record and use the side tray to select which workflows you would like to apply to the customer as default. </p><p id="""">‍</p><p id="""">Any new invoices sent to this customer will follow these workflows by default (unless you choose to override this when you send the invoice). This selection also overrides your account default workflows which are enabled in the settings tab. </p><p id="""">‍</p>",,,https://adfin.com/changelog/set-default-workflows-per-customer
"Set payment limits by payment method, by customer and by invoice",set-payment-limits-by-payment-method-and-by-customer,2025-03-26T00:00:00Z,Accountants & Bookkeepers,https://cdn.prod.website-files.com/663944fa0339e7ff8f65838d/67e19abcb300d1ee77d8ea44_Screenshot%202025-03-24%20at%2017.47.25.png,"<p id="""">Would you like to limit card payments to lower value transactions so you can avoid paying higher fees?&nbsp;Or limit your exposure to direct debit indemnity claims? </p><p>‍</p><p id="""">Now you can set payment limits by payment method!</p>","<p id="""">Would you like to limit card payments to lower value transactions so you can avoid paying higher fees?&nbsp;Or limit your exposure to direct debit indemnity claims? </p><p id="""">‍</p><p id="""">Now you can set payment limits by payment method!</p><p id="""">‍</p><p id="""">Head to Settings &gt; Payments to set the limits for your account. You can also select a speific customer and configure custom limits for them, which will override your account settings. </p><p id="""">‍</p><p id="""">If you send an invoice that exceeds your payment limits for any payment method, as a back up we'll present a manual bank transfer option to your customer so they can still pay. Although we can't fully automate the payment, we'll still ask them to confirm they have paid you so we can give you the heads up! </p>",,,https://adfin.com/changelog/set-payment-limits-by-payment-method-and-by-customer
Set which email alerts you subscribe to,opt-in-out-to-email-alerts-from-adfin,2025-03-03T00:00:00Z,Accountants & Bookkeepers,https://cdn.prod.website-files.com/663944fa0339e7ff8f65838d/67c97caeaf381e269981569c_Screenshot%202025-03-06%20at%2010.44.54.png,<p>Navigate to Settings &gt; Notifications to set which email notifications you receive from Adfin. The preferences you set here only apply your own user account and not to other users on the same Adfin account. </p>,"<p id="""">Navigate to Settings &gt; Notifications to set which email notifications you receive from Adfin. The preferences you set here only apply your own user account and not to other users on the same Adfin account. </p><p>‍</p><p>You can opt in or out of payment success notifications, direct debit collection failures, message delivery failures and issues associated with your connected accounting software. </p>",,,https://adfin.com/changelog/opt-in-out-to-email-alerts-from-adfin
Show your business name on customer bank statements for direct debit payments,your-business-name-on-customers-bank-statements-when-paying-with-direct-debit,2025-09-09T00:00:00Z,Accountants & Bookkeepers,https://cdn.prod.website-files.com/663944fa0339e7ff8f65838d/68c02b9393ca6bf482b1f033_Screenshot%202025-09-09%20at%2014.26.28.png,"<p id="""">Make <strong>direct debit payments</strong> <strong id="""">easier to recognise</strong> for your clients by showing your business name when they complete direct debit mandates and make payments. </p><p id="""">‍</p><p id="""">🕵️ This makes payments easier to identify, <strong>i</strong><strong id="""">ncreasing trust and also easing reconciliation efforts.</strong> </p><p id=""""><br>👉 <strong id="""">Look out for a banner in your Adfin console </strong>where you'll have the opportunity to upgrade and use this new functionality. </p>","<p id="""">Make <strong id="""">direct debit payments</strong> <strong id="""">easier to recognise</strong> for your clients by showing your business name when they complete direct debit mandates and make payments. </p><p id="""">‍</p><p id="""">🕵️ This makes payments easier to identify, <strong id="""">increasing trust and also easing reconciliation efforts.</strong> </p><p id=""""><br>👉 <strong id="""">Look out for a banner in your Adfin console </strong>where you'll have the opportunity to upgrade and use this new functionality. </p>",,,https://adfin.com/changelog/your-business-name-on-customers-bank-statements-when-paying-with-direct-debit
Sign in with Xero,sign-in-with-xero,2025-02-03T00:00:00Z,Accountants & Bookkeepers,https://cdn.prod.website-files.com/663944fa0339e7ff8f65838d/67a0c473f47ac37cc137bf81_Screenshot%202025-02-03%20at%2013.28.04.png,<p>We've added sign in with Xero to make it quicker than ever for Xero users to log in to Adfin. </p>,"<p id="""">We've added sign in with Xero to make it quicker than ever for Xero users to log in to Adfin. </p><p id="""">‍</p><p id="""">If you have Xero integrated to Adfin, simply select the ""Sign in with Xero"" option when signing in to Adfin - we'll use Xero to authenticate you, meaning you don't have to have a separate password for Adfin. </p>",,,https://adfin.com/changelog/sign-in-with-xero
Simplified direct debit mandate statuses,simplified-direct-debit-mandate-statuses,2025-11-11T00:00:00Z,Accountants & Bookkeepers,,"<p id="""">‍</p><p id="""">🎯 We've simplified the statuses for direct debit mandates. </p><p id="""">‍<br>The <strong id="""">Signed</strong> status has been removed, so mandates now transition directly from <strong id="""">Awaiting signature</strong> to <strong id="""">Active</strong>. </p><p id="""">‍</p><p id="""">When a mandate becomes <strong id="""">Active</strong>, we'll automatically schedule any payments for that customer to be collected by direct debit.</p>","<p id="""">‍</p><p id="""">🎯 We've simplified the statuses for direct debit mandates. <br><br>The <strong id="""">Signed</strong> status has been removed, so mandates now transition directly from <strong id="""">Awaiting signature</strong> to <strong id="""">Active</strong>. </p><p id="""">‍</p><p id="""">When a mandate becomes <strong id="""">Active</strong>, we'll automatically schedule any payments for that customer to be collected by direct debit.</p><p id="""">‍</p>",,,https://adfin.com/changelog/simplified-direct-debit-mandate-statuses
Stop payment reminder emails being sent to your primary contact,stop-payment-reminder-emails-being-sent-to-your-primary-contact,2026-03-03T00:00:00Z,Accountants & Bookkeepers,,"<p>‍</p><p>You can now <strong>turn off</strong> payment reminder emails being sent to your <strong>primary contact </strong>📧</p><p>‍</p><p>This is perfect if you only want reminders to go to your finance or operations team, rather than your main business contact.</p><p>‍</p><p><strong>👉 </strong>You can manage this setting in the <strong>customer drawer</strong>, under <strong>contact person details.</strong></p><p>‍</p>","<p>‍</p><p>You can now <strong>turn off</strong> payment reminder emails being sent to your <strong>primary contact </strong>📧</p><p>‍</p><p>This is perfect if you only want reminders to go to your finance or operations team, rather than your main business contact.</p><p>‍</p><p><strong>👉 </strong>You can manage this setting in the <strong>customer drawer</strong>, under <strong>contact person details.</strong></p><p>‍</p><p>‍</p><p>‍</p>",,,https://adfin.com/changelog/stop-payment-reminder-emails-being-sent-to-your-primary-contact
Surcharging for business cards,enable-surcharging-and-get-paid-for-free,2026-02-10T00:00:00Z,Accountants & Bookkeepers,https://cdn.prod.website-files.com/663944fa0339e7ff8f65838d/698b0d5d052967829c3f3c2f_Screenshot%202026-02-10%20at%2010.49.28.png,"<p>You can now use surcharging to <strong>pass the cost of card acceptance back to your customers</strong>, so you can accept business card payments without paying the fees yourself 💳</p><p>‍</p><p>When surcharging is switched on, we’ll automatically add the cost of acceptance to payments made with business cards. Your customer sees the new total upfront, and <strong>you receive the full original payment amount</strong>.</p><p>‍</p><p><strong>Good to know</strong></p><ul><li>Under UK law, only business cards can be surcharged – we automatically detect business cards and add the surcharge amount </li><li>You can control surcharging at your account or customer level</li><li>Apple Pay and Google Pay will be disabled when you use surcharging</li><li>We collect the surcharge directly, so there’s no extra reconciliation for you ✨</li></ul><p> 👉 Head to <strong>Payments settings </strong>→ <strong>Payments </strong>to turn on surcharging.</p>","<p>You can now use surcharging to <strong>pass the cost of card acceptance back to your customers</strong>, so you can accept business card payments without paying the fees yourself 💳</p><p>‍</p><p>When surcharging is switched on, we’ll automatically add the cost of acceptance to payments made with business cards. Your customer sees the new total upfront, and <strong>you receive the full original payment amount</strong>.</p><p>‍</p><p><strong>Good to know</strong></p><ul><li>Under UK law, only business cards can be surcharged – we automatically detect business cards and add the surcharge amount </li><li>You can control surcharging at your account or customer level</li><li>Apple Pay and Google Pay will be disabled when you use surcharging</li><li>We collect the surcharge directly, so there’s no extra reconciliation for you ✨</li></ul><p> 👉 Head to <strong>Payments settings </strong>→ <strong>Payments </strong>to turn on surcharging.</p><p>‍</p><p>‍</p><p>‍</p><p>‍</p>",,,https://adfin.com/changelog/enable-surcharging-and-get-paid-for-free
Sync invoices to QuickBooks,sync-invoices-to-quickbooks,2025-10-07T00:00:00Z,Accountants & Bookkeepers,https://cdn.prod.website-files.com/663944fa0339e7ff8f65838d/68e552d91045ed593eab813a_Screenshot%202025-10-07%20at%2018.50.08.png,"<p id="""">Great news for QuickBooks users 🎉</p><p>‍</p><p id="""">Invoices you create in Adfin, whether through our invoice tool or invoice capture, can now be pushed straight to QuickBooks automatically 💨</p><p>‍</p><p id="""">Once you send an invoice in Adfin, we’ll add it to QuickBooks for you and mark it as paid when the payment comes through 💷</p><p>‍</p><p id="""">Simple, connected, and one less thing to think about ✅</p><p>‍</p>","<p id="""">Great news for QuickBooks users 🎉</p><p>‍</p><p id="""">Invoices you create in Adfin, whether through our invoice tool or invoice capture, can now be pushed straight to QuickBooks automatically 💨</p><p>‍</p><p id="""">Once you send an invoice in Adfin, we’ll add it to QuickBooks for you and mark it as paid when the payment comes through 💷</p><p>‍</p><p id="""">Simple, connected, and one less thing to think about ✅</p><p>‍</p>",,,https://adfin.com/changelog/sync-invoices-to-quickbooks
Sync partial payments from Xero,sync-partial-payments-from-xero,2024-12-04T00:00:00Z,Accountants & Bookkeepers,https://cdn.prod.website-files.com/663944fa0339e7ff8f65838d/6751ffb725fcc0a55121c444_Screenshot%202024-12-05%20at%2019.31.52.png,<p>Real-time syncs from Xero to Adfin for payments applied to invoices. </p>,"<p id="""">We know this will be a popular one! When you apply a partial payment against an invoice in Xero, we now sync this in real-time to Adfin so your client will always pay the correct amount. </p><p id=""""> </p><p>‍</p><p id="""">We show your client a breakdown of payments and credit notes that have been applied to an invoice on the payment page and future reminders. You can also view all the previous invoice activity that affects the amount due yourself by clicking into invoice in the console. </p><p id="""">‍</p>",,,https://adfin.com/changelog/sync-partial-payments-from-xero
Sync prepayments to Xero and save time allocating payments,sync-prepayments-to-xero-to-save-time-allocating-payments,2026-01-14T00:00:00Z,Accountants & Bookkeepers,,"<p>‍</p><p>We’ve improved our Xero integration so you can sync payments without an invoice as <strong>prepayments</strong> in Xero. This gives you cleaner books and fewer manual fixes when money arrives before an invoice.</p><p>‍</p><p>You can now:</p><ul><li>Sync payments as <strong>Prepayments </strong>to Xero</li><li>Choose the <strong>account</strong> they’re coded to — including a <strong>Liability</strong> account 📘</li><li><strong>Specify VAT</strong> on the prepayment when it’s pushed to Xero, so tax is handled correctly from the start 🧾</li></ul><p>👉 Head to <strong>Settings → Integrations →Xero configuration</strong> to manage how prepayments are synced.</p><p>‍</p>","<p>‍</p><p>We’ve improved our Xero integration so you can sync payments without an invoice as <strong>prepayments</strong> in Xero. This gives you cleaner books and fewer manual fixes when money arrives before an invoice.</p><p>‍</p><p>You can now:</p><ul><li>Sync payments as <strong>Prepayments </strong>to Xero</li><li>Choose the <strong>account</strong> they’re coded to — including a <strong>Liability</strong> account 📘</li><li><strong>Specify VAT</strong> on the prepayment when it’s pushed to Xero, so tax is handled correctly from the start 🧾</li></ul><p>👉 Head to <strong>Settings → Integrations →Xero configuration</strong> to manage how prepayments are synced.</p><p>‍</p><p>‍</p>",,,https://adfin.com/changelog/sync-prepayments-to-xero-to-save-time-allocating-payments
Syncing of edits on approved Xero invoices,syncing-edits-on-approved-xero-invoices,2025-01-03T00:00:00Z,Accountants & Bookkeepers,,<p>Adfin now syncs edits made to invoices that are already approved on Xero. </p>,"<p id="""">If you make edits to the line items, amounts, or date of an invoice after approval on Xero, Adfin will pick these up. </p><p>‍</p><p id="""">Your customer will receive the updated invoice in the next notification we send to them. </p>",,,https://adfin.com/changelog/syncing-edits-on-approved-xero-invoices
"Syncing overpayments, prepayments, and customer credit changes",syncing-overpayments-prepayments-and-customer-credit-changes,2025-08-26T00:00:00Z,Accountants & Bookkeepers,,"<p>‍</p><p id="""">Good news! <strong>Adfin now syncs all payment and credit types from Xero and QuickBooks.</strong><br></p><p id=""""> </p><p id="""">‍</p><p id="""">👉 When an invoice is updated with an overpayment, prepayment or credit, we’ll immediately sync this to Adfin and adjust the amount due so your customer always pays the correct amount.<br></p><p id=""""> </p><p id="""">‍</p><p id="""">✅ Collection amounts are also automatically adjusted for any change in credit notes, like when you delete a credit note or edit the amount applied on an invoice.</p><p id="""">‍</p>","<p id="""">‍</p><p id="""">Good news! <strong id="""">Adfin now syncs all payment and credit types from Xero and QuickBooks.</strong><br></p><p id=""""> </p><p id="""">‍</p><p id="""">👉 When an invoice is updated with an overpayment, prepayment or credit, we’ll immediately sync this to Adfin and adjust the amount due so your customer always pays the correct amount.<br></p><p id=""""> </p><p id="""">‍</p><p id="""">✅ Collection amounts are also automatically adjusted for any change in credit notes, like when you delete a credit note or edit the amount applied on an invoice.</p><p id="""">‍</p><p id="""">‍</p>",,,https://adfin.com/changelog/syncing-overpayments-prepayments-and-customer-credit-changes
Tag your customers,add-tags-to-your-customers,2025-01-03T00:00:00Z,Accountants & Bookkeepers,https://cdn.prod.website-files.com/663944fa0339e7ff8f65838d/67810bf8a656648bfe3994a0_Screenshot%202025-01-10%20at%2009.00.44.png,"<p id="""">Create your own tags with descriptions and emojis for customers. </p><p id="""">‍</p>","<p id="""">Create your own custom tags with descriptions and emojis. You can use these tags to track customers by group - for example, you could apply a tag to customers who typically pay late. Once a customer is tagged, you can filter to view all customers with a given tag. <br><br>Tags can also help with direct debit migration - you can use a tag to keep track of which customers you have moved to Adfin invoicing and collections from your old provider.</p><p id="""">‍</p><p id="""">Apply tags in bulk by selecting the customers in the customer dashboard table and clicking the tag icon in the bottom tray or by selecting a single customer and adding a tag in the side tray. </p>",,,https://adfin.com/changelog/add-tags-to-your-customers
Take a payment from anyone with the reusable payment link,take-a-payment-from-anyone-with-the-reusable-payment-link,2026-02-16T00:00:00Z,Accountants & Bookkeepers,https://cdn.prod.website-files.com/663944fa0339e7ff8f65838d/6993712a59a0c3c5ec753f95_Screenshot%202026-02-16%20at%2019.19.57.png,"<p>You can now collect payments from any customer using a reusable payment link.</p><p>‍</p><p>Add the link to your website, customer portal, email signature, or anywhere else you need it. Share it once and use it again and again ♻️</p><p>‍</p><p><strong>Good to know</strong></p><ul><li>The link can either be for a fixed amount or you can let your customer choose an amount (you can set a maximum)</li><li>The link works seamlessly with surcharging and payment limits 🤓</li></ul><p>&nbsp;👉 To find it, select payments in the sidebar<strong> → Reusable payment link</strong></p><p>‍</p>","<p>You can now collect payments from any customer using a reusable payment link.</p><p>‍</p><p>Add the link to your website, customer portal, email signature, or anywhere else you need it. Share it once and use it again and again ♻️</p><p>‍</p><p><strong>Good to know</strong></p><ul><li>The link can either be for a fixed amount or you can let your customer choose an amount (you can set a maximum)</li><li>The link works seamlessly with surcharging and payment limits 🤓</li></ul><p>👉 To find it, select payments in the sidebar<strong> → Reusable payment link</strong></p><p>‍</p>",,,https://adfin.com/changelog/take-a-payment-from-anyone-with-the-reusable-payment-link
The new transactions dashboard has arrived!,our-new-transactions-dashboard-is-here,2025-06-19T00:00:00Z,Accountants & Bookkeepers,https://cdn.prod.website-files.com/663944fa0339e7ff8f65838d/685534689daf0617ca591aee_Screenshot%202025-06-20%20at%2011.13.51.png,"<p id="""">We’ve replaced the old Payouts dashboard with a brand new <strong id="""">Transactions dashboard</strong> — packed with more detail to help you stay on top of your payments.</p><p id="""">‍</p><p id="""">👉 <strong id="""">Where to find it:</strong> Click <strong id="""">View transactions</strong> in the side menu.</p><p id="""">‍</p><p id="""">💡 <strong id="""">What’s inside</strong></p><p id="""">‍</p><p id="""">Here’s what you can see at a glance:</p><ul id=""""><li id=""""><strong id="""">⚙️ Processing payouts</strong> -the payments we’re preparing to send, minus any failures or chargebacks, for each payout date.</li><li id=""""><strong id="""">💸 Paid out payouts</strong> - payments we’ve already sent, with full details of any deductions (like chargebacks or late direct debit failures).</li><li id=""""><strong id="""">🏦 Available balance</strong> - the funds ready to be paid out. Since we usually pay out within a couple of hours of receiving funds, this balance is often zero or negative (for example, due to chargebacks or late payments).</li></ul><p id="""">‍</p><p id="""">🌟 <strong id="""">Other improvements</strong></p><ul id=""""><li id=""""><strong id="""">Better payouts over bank holidays!</strong> 🎉 We’ve upgraded how we handle payouts during these periods , so you’ll see fewer late payment failures for direct debit payments.</li></ul><p id="""">‍</p><p id="""">‍</p>","<p id="""">We’ve replaced the old Payouts dashboard with a brand new <strong id="""">Transactions dashboard</strong> — packed with more detail to help you stay on top of your payments.</p><p id="""">‍</p><p id="""">👉 <strong id="""">Where to find it:</strong> Click <strong id="""">View transactions</strong> in the side menu.</p><p id="""">‍</p><p id="""">💡 <strong id="""">What’s inside</strong></p><p id="""">‍</p><p id="""">Here’s what you can see at a glance:</p><ul id=""""><li id=""""><strong id="""">⚙️ Processing payouts</strong> -the payments we’re preparing to send, minus any failures or chargebacks, for each payout date.</li><li id=""""><strong id="""">💸 Paid out payouts</strong> - payments we’ve already sent, with full details of any deductions (like chargebacks or late direct debit failures).</li><li id=""""><strong id="""">🏦 Available balance</strong> - the funds ready to be paid out. Since we usually pay out within a couple of hours of receiving funds, this balance is often zero or negative (for example, due to chargebacks or late payments).</li></ul><p id="""">‍</p><p id="""">🌟 <strong id="""">Other improvements</strong></p><ul><li><strong id="""">Better payouts over bank holidays!</strong> 🎉 We’ve upgraded how we handle payouts during these periods , so you’ll see fewer late payment failures for direct debit payments.</li></ul><p id="""">‍</p><p id="""">‍</p>",,,https://adfin.com/changelog/our-new-transactions-dashboard-is-here
The payout dashboard is now live!,the-payout-dashboard-is-now-live,2024-12-05T00:00:00Z,Accountants & Bookkeepers,https://cdn.prod.website-files.com/663944fa0339e7ff8f65838d/6752007601e9f0e575eeed0d_Screenshot%202024-12-05%20at%2019.34.58.png,"<p id="""">View your payouts and which invoices they relate to. </p>","<p id="""">Select payouts in the side menu to view transfers made to your bank (a ""payout""). A payout reflects the sum paid into your bank:</p><ul id=""""><li id="""">For pay by bank, each payout relates to a single invoice payment</li><li id="""">For cards and direct debit, each payout is made up of all invoice payments processed on a given working day </li></ul><p id="""">Click into a row to see details of the payments that make up the payout, including which invoice and customer the payment relates to. &nbsp;</p><p id=""""> </p><p id="""">‍</p><p id="""">You'll currently see details for payouts made from today (5th December). Next week you'll also be able to view all past payouts from 1st October onwards, and projected future payouts (for processing payments that have not yet been paid out). </p><p id=""""> </p><p id="""">‍</p><p id="""">And yes... for the spreadsheet junkies we'll also shortly be adding support to download all of this data too!</p><p id="""">‍</p>",,,https://adfin.com/changelog/the-payout-dashboard-is-now-live
Track customers and revenue by office,track-customers-and-revenue-by-office,2026-03-10T00:00:00Z,Accountants & Bookkeepers,https://cdn.prod.website-files.com/663944fa0339e7ff8f65838d/69b00d3d2a95e11bf453480b_Screenshot%202026-03-10%20at%2012.22.34.png,"<p>You can now set up <strong>offices in Adfin</strong>, making it easier to group customers, track revenue, and manage credit control across different parts of your business <strong>🏢</strong></p><p>‍</p><p>When creating an office, you can add a <strong>custom email address and business address</strong> that will appear on the <strong>invoice PDF</strong>, allowing you to tailor invoices for different offices or locations.</p><p>‍</p><p>You can also:</p><ul><li>👥 <strong>Assign customers to an office</strong> to easily track them and their payment activity<br><br></li><li>🧑‍💻 <strong>Assign users to an office</strong>, so any new customers they create are automatically linked to the correct office<br><br></li></ul><p>Offices can also be used alongside <strong>tracking categories</strong>. By attaching a tracking category option to an office, it will be <strong>automatically preselected when creating invoices</strong>, and then synced through to <strong>Xero</strong> 🔄</p><p>‍</p><p>👉 You can find <strong>offices</strong> under <strong>account settings</strong> ⚙️</p>","<p>You can now set up <strong>offices in Adfin</strong>, making it easier to group customers, track revenue, and manage credit control across different parts of your business <strong>🏢</strong></p><p>‍</p><p>When creating an office, you can add a <strong>custom email address and business address</strong> that will appear on the <strong>invoice PDF</strong>, allowing you to tailor invoices for different offices or locations.</p><p>‍</p><p>You can also:</p><ul><li>👥 <strong>Assign customers to an office</strong> to easily track them and their payment activity<br><br></li><li>🧑‍💻 <strong>Assign users to an office</strong>, so any new customers they create are automatically linked to the correct office<br><br></li></ul><p>Offices can also be used alongside <strong>tracking categories</strong>. By attaching a tracking category option to an office, it will be <strong>automatically preselected when creating invoices</strong>, and then synced through to <strong>Xero</strong> 🔄</p><p>‍</p><p>👉 You can find <strong>offices</strong> under <strong>account settings</strong> ⚙️</p><p>‍</p><p>‍</p>",,,https://adfin.com/changelog/track-customers-and-revenue-by-office
Track revenue with tracking categories,track-revenue-with-tracking-categories,2026-03-10T00:00:00Z,Accountants & Bookkeepers,https://cdn.prod.website-files.com/663944fa0339e7ff8f65838d/69b00c603e5c0c33308dd12c_Screenshot%202026-03-10%20at%2012.19.36.png,"<p>You can now use tracking categories in Adfin to<strong> track revenue across different areas of your business</strong> — such as offices, departments, or service teams <strong>📊</strong></p><p>‍</p><p>Tracking categories are <strong>configurable sets of custom fields</strong> that can be applied at the invoice line item level, giving you more granular visibility into where revenue is coming from.</p><p>‍</p><p>When creating an invoice in Adfin, you can simply select a tracking category option for each line item.</p><p>‍</p><p>You can also <strong>set default tracking category options per customer</strong>, so the correct option is automatically preselected whenever you raise an invoice for them.</p><p>‍</p><p>Once set up, you’ll be able to <strong>filter by tracking category options</strong> in both the Payments and Credit control dashboards.</p><p>‍</p><p>If you use Adfin with Xero, you can <strong>sync your existing tracking categories directly from Xero</strong>, including any customer-level default options 🔄</p><p>‍</p><p>👉 You can find this feature in <strong>Invoice settings</strong> → <strong>Tracking categories</strong> ⚙️</p>","<p>You can now use tracking categories in Adfin to<strong> track revenue across different areas of your business</strong> — such as offices, departments, or service teams <strong>📊</strong></p><p>‍</p><p>Tracking categories are <strong>configurable sets of custom fields</strong> that can be applied at the invoice line item level, giving you more granular visibility into where revenue is coming from.</p><p>‍</p><p>When creating an invoice in Adfin, you can simply select a tracking category option for each line item.</p><p>‍</p><p>You can also <strong>set default tracking category options per customer</strong>, so the correct option is automatically preselected whenever you raise an invoice for them.</p><p>‍</p><p>Once set up, you’ll be able to <strong>filter by tracking category options</strong> in both the Payments and Credit control dashboards.</p><p>‍</p><p>If you use Adfin with Xero, you can <strong>sync your existing tracking categories directly from Xero</strong>, including any customer-level default options 🔄</p><p>‍</p><p>👉 You can find this feature in <strong>Invoice settings</strong> → <strong>Tracking categories</strong> ⚙️</p><p>‍</p>",,,https://adfin.com/changelog/track-revenue-with-tracking-categories
Unique invoice numbers,unique-invoice-numbers,2025-01-13T00:00:00Z,Accountants & Bookkeepers,,"<p>To make it easier to manage your invoices on Adfin, we have now enforced unique invoice numbers. </p>","<p id="""">To make it easier to manage and track your invoices on Adfin, we have now enforced unique invoice numbers. </p><p id="""">‍</p><p id="""">If you attempt to upload an invoice which has the same invoice number as an invoice that is already on Adfin, you will receive an error and be prompted to change the invoice number and re-upload the invoice. </p><p id="""">‍</p><p id="""">If you attempt to import an invoice from Xero or QuickBooks with a duplicate invoice number, you will be notified by email that this import has failed. </p>",,,https://adfin.com/changelog/unique-invoice-numbers
Unmark invoices as paid,unmark-invoices-as-paid,2025-09-09T00:00:00Z,Accountants & Bookkeepers,https://cdn.prod.website-files.com/663944fa0339e7ff8f65838d/68e54f69d6321e62182a0ce3_Screenshot%202025-10-07%20at%2018.35.11.png,"<p id="""">Made a slip-up? No worries — you can now unmark invoices or payment requests as paid 🙌</p><p>‍</p><p id="""">Just head to the sidebar, find the same spot where you marked it as paid, and click ‘Unmark as paid’ 🔄</p><p>‍</p>","<p id="""">Made a slip-up? No worries — you can now unmark invoices or payment requests as paid 🙌</p><p>‍</p><p id="""">Just head to the sidebar, find the same spot where you marked it as paid, and click ‘Unmark as paid’ 🔄</p><p>‍</p>",,,https://adfin.com/changelog/unmark-invoices-as-paid
Updated settings layout,updated-settings-layout,2025-11-11T00:00:00Z,Accountants & Bookkeepers,https://cdn.prod.website-files.com/663944fa0339e7ff8f65838d/69138006c3975e28b3938fe3_Screenshot%202025-11-11%20at%2018.27.10.png,"<p id=""""><strong id="""">⚙️</strong> All your Adfin account settings are now in one place, with a fresh, more intuitive layout — and you can search to find exactly what you need.</p><p>‍</p><p id="""">👉 Open <strong id="""">Settings</strong> in the sidebar to find everything in one place.</p><p id="""">‍</p>","<p id=""""><strong id="""">⚙️</strong> All your Adfin account settings are now in one place, with a fresh, more intuitive layout — and you can search to find exactly what you need.</p><p>‍</p><p id="""">👉 Open <strong id="""">Settings</strong> in the sidebar to find everything in one place.</p><p>‍</p>",,,https://adfin.com/changelog/updated-settings-layout
Upgraded activities to stay on top of what needs your attention,upgraded-activities-to-stay-on-top-of-what-needs-your-attention,2025-09-30T00:00:00Z,Accountants & Bookkeepers,https://cdn.prod.website-files.com/663944fa0339e7ff8f65838d/68e553d6d50bfcb3c0da8155_Screenshot%202025-10-07%20at%2018.54.21.png,"<p id="""">New activities now highlight when something needs action, like when an invoice or payment request isn’t being chased, or if a message fails to deliver 💬</p><p>‍</p><p id="""">You’ll see clear alerts right in your tables, so nothing slips through the cracks 👀</p><p>‍</p><p id="""">👉 Find the activities column in the Accept payments table</p><p>‍</p>","<p id="""">New activities now highlight when something needs action, like when an invoice or payment request isn’t being chased, or if a message fails to deliver 💬</p><p>‍</p><p id="""">You’ll see clear alerts right in your tables, so nothing slips through the cracks 👀</p><p>‍</p><p id="""">👉 Find the activities column in the Accept payments table</p><p>‍</p>",,,https://adfin.com/changelog/upgraded-activities-to-stay-on-top-of-what-needs-your-attention
Upload a CSV file in any format and create up to 200 invoices at a time,upload-invoice-using-any-csv,2025-07-08T00:00:00Z,Accountants & Bookkeepers,https://cdn.prod.website-files.com/663944fa0339e7ff8f65838d/686becd72aefb391475bb5be_Screenshot%202025-07-07%20at%2016.50.39.png,"<p id="""">We’ve supercharged invoice uploads to make it easier and faster than ever to upload large volumes of invoices. 🚀</p><p id="""">‍</p><h6 id="""">🗂 <strong id="""">What’s new</strong></h6><ul id=""""><li id=""""><strong id="""">More file types:</strong> Upload invoices as PDFs, images, and now CSV/Excel files (in any format!).</li><li id=""""><strong id="""">Automatic invoice generation:</strong> When you upload a CSV, Adfin will create your invoice PDFs automatically. 📄</li><li id=""""><strong id="""">Intelligent capture:</strong> Adfin extracts key information from your invoices so you can review everything before sending. 🧐</li><li id=""""><strong id="""">Bigger batches:</strong> Upload up to <strong id="""">200 invoices in one go</strong>, using a single file type per batch.</li></ul><p id="""">Now you can handle big invoice uploads with less effort and get paid faster. 🎉</p><p id="""">‍</p>","<p id="""">We’ve supercharged invoice uploads to make it easier and faster than ever to upload large volumes of invoices. 🚀</p><p id="""">‍</p><h6 id="""">🗂 <strong id="""">What’s new</strong></h6><ul id=""""><li id=""""><strong id="""">More file types:</strong> Upload invoices as PDFs, images, and now CSV/Excel files (in any format!).</li><li id=""""><strong id="""">Automatic invoice generation:</strong> When you upload a CSV, Adfin will create your invoice PDFs automatically. 📄</li><li id=""""><strong id="""">Intelligent capture:</strong> Adfin extracts key information from your invoices so you can review everything before sending. 🧐</li><li id=""""><strong id="""">Bigger batches:</strong> Upload up to <strong id="""">200 invoices in one go</strong>, using a single file type per batch.</li></ul><p id="""">Now you can handle big invoice uploads with less effort and get paid faster. 🎉</p><p>‍</p>",,,https://adfin.com/changelog/upload-invoice-using-any-csv
Use DSO and days overdue to spot your good and bad payers,view-dso-and-days-overdue-to-spot-your-good-and-bad-payers,2025-12-23T00:00:00Z,Accountants & Bookkeepers,https://cdn.prod.website-files.com/663944fa0339e7ff8f65838d/6968f7ae538ac3a3249c173d_Screenshot%202026-01-15%20at%2014.20.22.png,"<p>Get clearer insight into how your customers pay by adding <strong>Days Sales Outstanding (DSO)</strong> and <strong>days overdue</strong> to your credit control view 📊. It’s an easy way to see who pays on time — and who might need a follow-up ⏱️.</p><p><br>These new columns can be added to your dashboards and viewed at:</p><ul><li><strong>Payment request level</strong>, to track how individual payments are performing</li><li><strong>Customer level</strong>, where:<ul><li><strong>DSO</strong> is averaged across all their payments</li><li><strong>Days overdue</strong> shows the most overdue unpaid invoice 🔔</li></ul></li></ul><p>You’re in control of the setup:</p><ul><li>Use the <strong>cog icon ⚙️ </strong> in the customer or payments view to add the columns</li><li>Save the view as your <strong>default</strong>, so it’s always ready when you are 👀</li></ul><p>‍</p><p>‍</p>","<p>Get clearer insight into how your customers pay by adding <strong>Days Sales Outstanding (DSO)</strong> and <strong>days overdue</strong> to your credit control view 📊. It’s an easy way to see who pays on time — and who might need a follow-up ⏱️.</p><p><br>These new columns can be added to your dashboards and viewed at:</p><ul><li><strong>Payment request level</strong>, to track how individual payments are performing</li><li><strong>Customer level</strong>, where:<ul><li><strong>DSO</strong> is averaged across all their payments</li><li><strong>Days overdue</strong> shows the most overdue unpaid invoice 🔔</li></ul></li></ul><p>You’re in control of the setup:</p><ul><li>Use the <strong>cog icon ⚙️ </strong> in the customer or payments view to add the columns</li><li>Save the view as your <strong>default</strong>, so it’s always ready when you are 👀</li></ul><p>‍</p>",,,https://adfin.com/changelog/view-dso-and-days-overdue-to-spot-your-good-and-bad-payers
Use statements to nudge customers to settle unpaid invoices,use-statements-as-another-reminder-for-customers-to-pay,2026-01-19T00:00:00Z,Accountants & Bookkeepers,https://cdn.prod.website-files.com/663944fa0339e7ff8f65838d/696e262fbdfa71abcaefed51_Screenshot%202026-01-19%20at%2012.40.06.png,"<p>You can now send <strong>customer statements</strong> from Adfin to help nudge customers to pay what they owe. It’s an easy way to follow up on outstanding balances without sending individual chasers.</p><p>‍</p><p>With Adfin, you can:</p><ul><li>Set a <strong>default statement setup</strong> for your account, with the option to customise it per customer</li><li>Choose <strong>when statements are sent</strong>, on a schedule that works for you ⏰</li><li>Add <strong>rules</strong> so statements only go out when a payment is a certain number of days overdue, or when the outstanding balance is above a set amount</li><li>See a <strong>history of payments</strong>, giving customers clear context on what’s been paid and what’s still due 📄</li></ul><p>Customers can quickly review their outstanding invoices and <strong>pay directly</strong>, making it easier to settle balances in one place 💸</p><p>‍</p><p>You can control how statements are used through your <strong>customer default workflows</strong>, so they fit neatly into your existing credit control process.</p><p>‍</p><p>👉 Head to <strong>Settings → Workflows → Statements</strong> to customise your rules and sending schedule.</p><p>‍</p>","<p>You can now send <strong>customer statements</strong> from Adfin to help nudge customers to pay what they owe. It’s an easy way to follow up on outstanding balances without sending individual chasers.</p><p>‍</p><p>With Adfin, you can:</p><ul><li>Set a <strong>default statement setup</strong> for your account, with the option to customise it per customer</li><li>Choose <strong>when statements are sent</strong>, on a schedule that works for you ⏰</li><li>Add <strong>rules</strong> so statements only go out when a payment is a certain number of days overdue, or when the outstanding balance is above a set amount</li><li>See a <strong>history of payments</strong>, giving customers clear context on what’s been paid and what’s still due 📄</li></ul><p>Customers can quickly review their outstanding invoices and <strong>pay directly</strong>, making it easier to settle balances in one place 💸</p><p>‍</p><p>You can control how statements are used through your <strong>customer default workflows</strong>, so they fit neatly into your existing credit control process.</p><p>‍</p><p>👉 Head to <strong>Settings → Workflows → Statements</strong> to customise your rules and sending schedule.</p><p>‍</p>",,,https://adfin.com/changelog/use-statements-as-another-reminder-for-customers-to-pay
Use the payment portal as a link for any customer to pay an invoice,collect-invoice-payments-from-any-customer-with-the-payment-portal,2026-01-06T00:00:00Z,Accountants & Bookkeepers,https://cdn.prod.website-files.com/663944fa0339e7ff8f65838d/6969043bfe2197590d61ca97_Screenshot%202026-01-15%20at%2015.13.50.png,"<p>You can now collect invoice payments from <strong>any customer</strong> using a single payment portal link. Add it to your website, customer portal, or even your email signature, and customers can pay whenever it suits them ⏰.</p><p>‍</p><p>With Adfin:</p><ul><li>Customers can <strong>retrieve a specific invoice</strong> by entering their name, invoice number, and optionally their postcode 🔎</li><li>They can <strong>view and pay their invoice online in a few clicks</strong> 🔗</li><li>Payments are <strong>automatically applied to the right invoice</strong>, reducing manual work compared to other payment links ⚙️</li></ul><p>The same link works wherever you share it — by email, on your website, or inside your own customer portal.</p><p>‍</p><p>It’s a simpler way to get paid, without creating friction for your customers.</p><p>‍</p><p>👉 You’ll find the <strong>payment portal link</strong> in your <strong>invoice and payment request views</strong>, ready to copy and share.</p><p>‍</p>","<p>You can now collect invoice payments from <strong>any customer</strong> using a single payment portal link. Add it to your website, customer portal, or even your email signature, and customers can pay whenever it suits them ⏰.</p><p>‍</p><p>With Adfin:</p><ul><li>Customers can <strong>retrieve a specific invoice</strong> by entering their name, invoice number, and optionally their postcode 🔎</li><li>They can <strong>view and pay their invoice online in a few clicks</strong> 🔗</li><li>Payments are <strong>automatically applied to the right invoice</strong>, reducing manual work compared to other payment links ⚙️</li></ul><p>The same link works wherever you share it — by email, on your website, or inside your own customer portal.</p><p>‍</p><p>It’s a simpler way to get paid, without creating friction for your customers.</p><p>‍</p><p>👉 You’ll find the <strong>payment portal link</strong> in your <strong>invoice and payment request views</strong>, ready to copy and share.</p><p>‍</p>",,,https://adfin.com/changelog/collect-invoice-payments-from-any-customer-with-the-payment-portal
User roles to control who can do what in Adfin,user-roles-to-control-who-can-do-what-in-adfin,2026-01-06T00:00:00Z,Accountants & Bookkeepers,https://cdn.prod.website-files.com/663944fa0339e7ff8f65838d/695e1588b9d1e5e18ad6dc86_Screenshot%202026-01-07%20at%2010.12.48.png,"<p>You can now give your team the right level of access in Adfin. Set clear permissions so everyone can do their job, without worrying about accidental changes to your account 🔐</p><p>‍</p><p>There are three roles to choose from:</p><ul><li><strong>Admin</strong> – full access to everything in Adfin, including customers, payments, payouts, invoices, and account settings</li><li><strong>Member</strong> – can view and manage customers, payments, and payouts, and create and send invoices, but can’t view or change account settings</li><li><strong>Viewer</strong> – view-only access to customers, payments, and payouts. No changes, invoices, or settings access 👀</li></ul><p>‍</p><p>You can also deactivate or remove users at any time, making it easy to keep your account tidy as your team changes 🧹</p><p>‍</p><p>👉 Head to <strong>Company settings → Team</strong> to configure and manage roles.</p><p>‍</p>","<p>You can now give your team the right level of access in Adfin. Set clear permissions so everyone can do their job, without worrying about accidental changes to your account 🔐</p><p>‍</p><p>There are three roles to choose from:</p><ul><li><strong>Admin</strong> – full access to everything in Adfin, including customers, payments, payouts, invoices, and account settings</li><li><strong>Member</strong> – can view and manage customers, payments, and payouts, and create and send invoices, but can’t view or change account settings</li><li><strong>Viewer</strong> – view-only access to customers, payments, and payouts. No changes, invoices, or settings access 👀</li></ul><p>‍</p><p>You can also deactivate or remove users at any time, making it easy to keep your account tidy as your team changes 🧹</p><p>‍</p><p>👉 Head to <strong>Company settings → Team</strong> to configure and manage roles.</p><p>‍</p>",,,https://adfin.com/changelog/user-roles-to-control-who-can-do-what-in-adfin
View and edit invoices before sending using review sessions,review-sessions,2025-07-08T00:00:00Z,Accountants & Bookkeepers,https://cdn.prod.website-files.com/663944fa0339e7ff8f65838d/686bedae2aefb391475c9ece_Screenshot%202025-07-07%20at%2016.54.15.png,"<p id="""">We’ve added a brand new <strong id="""">review sessions</strong> screen to make it easier than ever to check and edit your invoice data before sending. 🎉</p><p id="""">‍</p><h6 id="""">🔎 <strong id="""">What you can do</strong></h6><p id="""">‍</p><p id="""">With review sessions, you can:</p><ul id=""""><li id="""">🧑‍💼 Update or modify customer information</li><li id="""">💰 Edit invoice details like amounts or due dates</li><li id="""">🔢 Change invoice numbers</li></ul><p id="""">‍</p><p id="""">You'll be taken to this screen after you upload invoices to Adfin. You’ll save time and feel confident everything’s correct before hitting send. &nbsp;✅</p><p id="""">‍</p>","<p id="""">We’ve added a brand new <strong id="""">review sessions</strong> screen to make it easier than ever to check and edit your invoice data before sending. 🎉</p><p id="""">‍</p><h6 id="""">🔎 <strong id="""">What you can do</strong></h6><p id="""">‍</p><p id="""">With review sessions, you can:</p><ul id=""""><li id="""">🧑‍💼 Update or modify customer information</li><li id="""">💰 Edit invoice details like amounts or due dates</li><li id="""">🔢 Change invoice numbers</li></ul><p id="""">‍</p><p id="""">You'll be taken to this screen after you upload invoices to Adfin. You’ll save time and feel confident everything’s correct before hitting send. &nbsp;✅</p><p id="""">‍</p>",,,https://adfin.com/changelog/review-sessions
"View customer updates, direct debit mandate requests and add notes",customer-log-to-view-direct-debit-mandate-activity-and-updates,2025-06-03T00:00:00Z,Accountants & Bookkeepers,https://cdn.prod.website-files.com/663944fa0339e7ff8f65838d/683ee8390d822830eb357b9a_Screenshot%202025-06-03%20at%2015.18.34.png,"<p id="""">We've added a customer activity log so you can see exactly what has been going on with your customers. </p><p id="""">‍</p><p id="""">Click on a customer and select ""activity"" to view what communications have been sent to the customer for direct debit mandates and any other relevant updates. </p><p>‍</p><p>You can also now add, edit, and delete notes, to help you and the team stay up to date with what is happening with a customer. </p>","<p id="""">We've added a customer activity log so you can see exactly what has been going on with your customers. </p><p id="""">‍</p><p id="""">Click on a customer and select ""activity"" to view what communications have been sent to the customer for direct debit mandates and any other relevant updates. </p><p id="""">‍</p><p id="""">You can also now add, edit, and delete notes, to help you and the team stay up to date with what is happening with a customer. </p><p>‍</p>",,,
View upcoming workflow steps for an invoice,preview-the-next-workflow-steps-for-an-invoice,2025-01-27T00:00:00Z,Accountants & Bookkeepers,https://cdn.prod.website-files.com/663944fa0339e7ff8f65838d/67a0c15991ed54163503403e_Screenshot%202025-02-03%20at%2013.14.55.png,"<p id="""">Click on an invoice and select the log to view the future workflow steps.</p>","<p id="""">Click on an invoice and select the log to view the future workflow steps.</p><p id="""">‍</p><p id="""">We give you a full view of all future steps that will be taken for the invoice, this includes reminder notifications and direct debit payment collections. </p>",,,https://adfin.com/changelog/preview-the-next-workflow-steps-for-an-invoice
Void and delete invoices,void-and-delete-invoices,2024-09-23T00:00:00Z,Accountants & Bookkeepers,,"<p id="""">You can now delete any draft invoices added to Adfin that you do not wish to send. Just click on the invoice and an option to delete will appear at the bottom of the tray.</p><p id="""">‍</p><p id=""""> </p><p>‍</p><p id="""">‍</p>","<p id="""">You can now delete any draft invoices added to Adfin that you do not wish to send. Just click on the invoice and an option to delete will appear at the bottom of the tray.</p><p id="""">‍</p><p id=""""> </p>",,,https://adfin.com/changelog/void-and-delete-invoices
Void invoices hidden by default,void-invoices-hidden-by-default,2025-02-10T00:00:00Z,Accountants & Bookkeepers,,"<p id="""">Voided invoices are now hidden by default from view - to view them, use the status filter on the invoice view and select ""Void"". </p>","<p id="""">Voided invoices are now hidden by default from view - to view them, use the status filter on the invoice view and select ""Void"". </p><p>‍</p>",,,https://adfin.com/changelog/void-invoices-hidden-by-default
Xero Branding Themes: specify precisely which invoices are imported from Xero to Adfin,specify-precisely-which-invoices-are-imported-from-xero-to-adfin,2024-10-15T00:00:00Z,Accountants & Bookkeepers,https://cdn.prod.website-files.com/663944fa0339e7ff8f65838d/6737550720f4445cc29a029c_Screenshot%202024-10-30%20at%2013.26.53.webp,"<p id="""">Set up Xero branding theme templates to select which Xero invoices are imported and sent by Adfin. You can also use branding theme templates to either send the invoice to your customer as a one-time payment request, or schedule a payment for collection by direct debit. </p><p id="""">‍</p>","<p id="""">Set up Xero branding theme templates to select which Xero invoices are imported and sent by Adfin. You can also use branding theme templates to either send the invoice to your customer as a one-time payment request, or schedule a payment for collection by direct debit. </p><p id=""""> </p><p id="""">Configure this by navigating to Settings &gt; Integrations &gt; Xero &gt; Manage Connection. Once enabled, Adfin will only import invoices that are created using an Adfin branding theme template. </p><p id=""""> </p><p id="""">Creating an invoice with a ""one-time payment"" template will route the invoice for a one-time request to be paid via card or pay by bank. Using a ""direct debit"" template schedules the invoice for collection by direct debit - if your customer hasn't yet been sent a direct debit mandate, we'll send a mandate first before scheduling payment. We automatically send reminders on unsigned mandates to help you relax!</p><p>‍</p>",,,https://adfin.com/changelog/specify-precisely-which-invoices-are-imported-from-xero-to-adfin
Your control centre to track performance and get paid faster,your-control-centre-to-track-performance-and-get-paid-faster,2026-03-18T00:00:00Z,Accountants & Bookkeepers,https://cdn.prod.website-files.com/663944fa0339e7ff8f65838d/69ba7bb226aee4fd99c328db_Screenshot%202026-03-18%20at%2010.17.10.png,"<p>We’ve launched a brand new <strong>Overview </strong>dashboard. You can use this to understand your collections, stay on top of tasks, and take actions to get paid faster.</p><p>‍</p><p><strong>Clear insights on your payments and credit control </strong></p><p>‍</p><p>Our new charts give you a <strong>detailed view across credit control, cash flow, and revenue</strong>, including:</p><ul><li>💰 <strong>How Adfin got you paid: </strong>understand what is working and what isn't </li><li>📈 <strong>Performance and benchmarking</strong>: see how your performance on late payments is improving and compares vs similar companies</li><li>👤 <strong>Customer insights</strong>: monitor active customers and compare performance by payment method</li></ul><p>If you're keen to dive deeper into any of the data then simply click through to load up the underlying payments. </p><p>‍</p><p><strong> A smart inbox for action </strong></p><p>‍</p><p>The new inbox gives you a <strong>single view of tasks and notifications</strong>, so nothing slips through the cracks. You can:</p><ul><li>✅ <strong>View and act on tasks</strong> to get paid (e.g. reinstating a direct debit mandate) </li><li>💡 <strong>Act on recommendations</strong> to get more out of Adfin (e.g. enabling personalised reminders)</li><li>👥 <strong>Assign tasks to team members</strong> so they can take action when needed</li><li>🔔 <strong>Subscribe or unsubscribe from notifications</strong>, so you only see what’s relevant to you</li></ul><p>‍</p><p>👉 You can find the <strong>Overview </strong>dashboard in the side menu </p><p>‍</p>","<p>We’ve launched a brand new <strong>Overview </strong>dashboard. You can use this to understand your collections, stay on top of tasks, and take actions to get paid faster.</p><p>‍</p><p><strong>Clear insights on your payments and credit control </strong></p><p>‍</p><p>Our new charts give you a <strong>detailed view across credit control, cash flow, and revenue</strong>, including:</p><ul><li>💰 <strong>How Adfin got you paid: </strong>understand what is working and what isn't </li><li>📈 <strong>Performance and benchmarking</strong>: see how your performance on late payments is improving and compares vs similar companies</li><li>👤 <strong>Customer insights</strong>: monitor active customers and compare performance by payment method</li></ul><p>If you're keen to dive deeper into any of the data then simply click through to load up the underlying payments. </p><p>‍</p><p><strong> A smart inbox for action </strong></p><p>‍</p><p>The new inbox gives you a <strong>single view of tasks and notifications</strong>, so nothing slips through the cracks. You can:</p><ul><li>✅ <strong>View and act on tasks</strong> to get paid (e.g. reinstating a direct debit mandate) </li><li>💡 <strong>Act on recommendations</strong> to get more out of Adfin (e.g. enabling personalised reminders)</li><li>👥 <strong>Assign tasks to team members</strong> so they can take action when needed</li><li>🔔 <strong>Subscribe or unsubscribe from notifications</strong>, so you only see what’s relevant to you</li></ul><p>‍</p><p>👉 You can find the <strong>Overview </strong>dashboard in the side menu </p><p>‍</p>",,,https://adfin.com/changelog/your-control-centre-to-track-performance-and-get-paid-faster
📊 Our new credit control and cash management dashboard is here!,creditcontrol,2025-06-11T00:00:00Z,Accountants & Bookkeepers,https://cdn.prod.website-files.com/663944fa0339e7ff8f65838d/684a9ae6cdcac48b4fbcdf14_Screenshot%202025-06-12%20at%2010.16.14.png,"<p id="""">We’ve updated the accept payments dashboard to help you stay on top of your cash flow and credit control, all in one place.</p><p id="""">‍</p><h6 id="""">💼 Stay in control of payments</h6><p id="""">‍</p><p id="""">To make credit control easier, Adfin now groups your invoices and payment requests into three &nbsp;buckets:</p><ul id=""""><li id=""""><strong id="""">At risk</strong> : Payments that are either overdue, where the mandate hasn’t been signed, or the payment has failed</li><li id=""""><strong id="""">Expected</strong>: Payments that are still outstanding or scheduled</li><li id=""""><strong id="""">Confirmed</strong>: Payments that have been made but haven’t settled yet</li></ul><p id="""">You can use quick filters to switch between buckets in the credit control widget and dive into the details.</p><p id="""">‍</p><h6 id="""">💰 Keep track of your cash position</h6><p id="""">‍</p><p id="""">See a summary of your cash activity across this month and last month:</p><ul id=""""><li id="""">What’s still unpaid</li><li id="""">What’s in progress (being collected)</li><li id="""">What you’ve already been paid — including Adfin payouts <em id="""">and</em> any payments marked as paid in Adfin or your connected accounting software</li></ul><h6 id="""">🛠️ Customise it your way</h6><p id="""">‍</p><p id="""">You can tailor the dashboard to suit how you work: customise the widgets, collapse sections, and focus on what matters most.</p><p id="""">‍</p>","<p id="""">We’ve updated the accept payments dashboard to help you stay on top of your cash flow and credit control, all in one place.</p><p id="""">‍</p><h6 id="""">💼 Stay in control of payments</h6><p id="""">‍</p><p id="""">To make credit control easier, Adfin now groups your invoices and payment requests into three &nbsp;buckets:</p><ul id=""""><li id=""""><strong id="""">At risk</strong> : Payments that are either overdue, where the mandate hasn’t been signed, or the payment has failed</li><li id=""""><strong id="""">Expected</strong>: Payments that are still outstanding or scheduled</li><li id=""""><strong id="""">Confirmed</strong>: Payments that have been made but haven’t settled yet</li></ul><p id="""">You can use quick filters to switch between buckets in the credit control widget and dive into the details.</p><p id="""">‍</p><h6 id="""">💰 Keep track of your cash position</h6><p id="""">‍</p><p id="""">See a summary of your cash activity across this month and last month:</p><ul id=""""><li id="""">What’s still unpaid</li><li id="""">What’s in progress (being collected)</li><li id="""">What you’ve already been paid — including Adfin payouts <em id="""">and</em> any payments marked as paid in Adfin or your connected accounting software</li></ul><h6 id="""">🛠️ Customise it your way</h6><p id="""">‍</p><p id="""">You can tailor the dashboard to suit how you work: customise the widgets, collapse sections, and focus on what matters most.</p><p id="""">‍</p><p id="""">‍</p><p id="""">‍</p><p id="""">‍</p>",,,https://adfin.com/changelog/creditcontrol
🛠️ Adjust column widths and save your table filters,june-useablity-updates,2025-06-11T00:00:00Z,Accountants & Bookkeepers,,"<p>‍</p><p id="""">You can now customise how your tables look and work — here's what's new:</p><ul id=""""><li id=""""><strong id="""">Resize columns</strong><br>Want more space where it matters? Just grab a column divider and drag to adjust the width — all rows are now fully resizable.</li><li id=""""><strong id="""">Save filter views</strong><br>After applying filters to a table, click the small <strong id="""">cog icon</strong> on the right. You can save your current filter setup, give it a name, and use it again anytime.</li></ul><p id="""">Perfect for when you want to quickly switch between views or keep things just how you like them.</p><p id="""">‍</p>","<p id="""">You can now customise how your tables look and work — here's what's new:</p><ul id=""""><li id=""""><strong id="""">Resize columns</strong><br>Want more space where it matters? Just grab a column divider and drag to adjust the width - all rows are now fully resizable.</li><li id=""""><strong id="""">Save filter views</strong><br>After applying filters to a table, click the small <strong id="""">cog icon</strong> on the right. You can save your current filter setup, give it a name, and use it again anytime.</li></ul><p id="""">Perfect for when you want to quickly switch between views or keep things just how you like them.</p><p id="""">‍</p>",,,https://adfin.com/changelog/june-useablity-updates
Take card payments over the phone,take-card-payments-over-the-phone,2026-05-11T00:00:00Z,Accountants & Bookkeepers,https://cdn.prod.website-files.com/663944fa0339e7ff8f65838d/69fcb883168c7fb271f8eba4_Screenshot%202026-05-07%20at%2017.03.52.png,"<p><strong>📞 </strong>You can now take card payments from clients <strong>over the phone, </strong>so you can get paid immediately while speaking with them.</p><p>‍</p><p>When you process a phone payment with Adfin, the payment is automatically linked to the correct invoice, <strong>making reconciliation simple and removing the hassle of standalone card machines </strong>✨</p><p>‍</p><p>Don’t have the invoice in Adfin yet? No problem. You can quickly create a payment request by entering an amount and reference, then <strong>sync it to your accounting software for easy allocation </strong>later on.</p><p>‍</p><p>Simply ask your client to read out their card details and enter them into the secure card capture form in the Adfin console. It’s quick, easy, and secure 🔒</p><p>‍</p><p>You'll still be able to harness the full power of Adfin as payments over the phone support surcharging and partial payments too. </p><p>‍</p><p>👉 Find it in <strong>Settings → Upgrade features → Payments over the phone</strong>.</p><p>‍</p><p>This feature requires us to do a review of your account before we enable it. If you don’t see it yet, please contact support.</p><p>‍</p>","<p><strong>📞 </strong>You can now take card payments from clients <strong>over the phone, </strong>so you can get paid immediately while speaking with them.</p><p>‍</p><p>When you process a phone payment with Adfin, the payment is automatically linked to the correct invoice, <strong>making reconciliation simple and removing the hassle of standalone card machines </strong>✨</p><p>‍</p><p>Don’t have the invoice in Adfin yet? No problem. You can quickly create a payment request by entering an amount and reference, then <strong>sync it to your accounting software for easy allocation </strong>later on.</p><p>‍</p><p>Simply ask your client to read out their card details and enter them into the secure card capture form in the Adfin console. It’s quick, easy, and secure 🔒</p><p>‍</p><p>You'll still be able to harness the full power of Adfin as payments over the phone support surcharging and partial payments too. </p><p>‍</p><p>👉 Find it in <strong>Settings → Upgrade features → Payments over the phone</strong>.</p><p>‍</p><p>This feature requires us to do a review of your account before we enable it. If you don’t see it yet, please contact support.</p><p>‍</p><p>‍</p>",,,https://adfin.com/changelog/take-card-payments-over-the-phone
Automatically apply late payment fees,automated-late-payment-fees,2026-06-03T00:00:00Z,Accountants & Bookkeepers,https://cdn.prod.website-files.com/663944fa0339e7ff8f65838d/6a1f0a6b6990e4f9561b5c14_Screenshot%202026-06-02%20at%2017.52.52.png,"<p>Businesses have had the legal right to charge statutory interest and fixed compensation on overdue invoices since 1998. But for many teams, the calculation and admin have made it hard to justify the effort.</p><p>‍</p><p>You can now apply late payment fees automatically with Adfin.</p><p>‍</p><p>When enabled for a customer agent, Adfin can apply statutory interest and fixed compensation once an invoice passes your chosen grace period. The payment link updates as interest accrues, and a separate invoice is created in your accounting software.</p><p>‍</p><p>You stay in control:</p><ul><li>Enable late payment fees for specific customer agents</li><li>Set a grace period before fees are applied</li><li>Waive fees where needed</li></ul><p>‍</p><p>With late payment reform gaining momentum in the UK, this gives your team an easier way to apply fees consistently and reduce the admin involved in overdue collections.</p><p>‍</p><p>Good to know: fixed compensation is routed to Adfin. Statutory interest accrues to you.</p><p>‍</p><p>👉 Turn on late payment fees for an agent <a href=""https://console.adfin.com/customer-agents"">here</a></p><p>‍</p><p>‍</p><p>‍</p>","<p>Businesses have had the legal right to charge statutory interest and fixed compensation on overdue invoices since 1998. But for many teams, the calculation and admin have made it hard to justify the effort.</p><p>‍</p><p>You can now apply late payment fees automatically with Adfin.</p><p>‍</p><p>When enabled for a customer agent, Adfin can apply statutory interest and fixed compensation once an invoice passes your chosen grace period. The payment link updates as interest accrues, and a separate invoice is created in your accounting software.</p><p>‍</p><p>You stay in control:</p><ul><li>Enable late payment fees for specific customer agents</li><li>Set a grace period before fees are applied</li><li>Waive fees where needed</li></ul><p>‍</p><p>With late payment reform gaining momentum in the UK, this gives your team an easier way to apply fees consistently and reduce the admin involved in overdue collections.</p><p>‍</p><p>Good to know: fixed compensation is routed to Adfin. Statutory interest accrues to you.</p><p>‍</p><p>👉 Turn on late payment fees for an agent <a href=""https://console.adfin.com/customer-agents"">here</a></p><p>‍</p><p>‍</p><p>‍</p><p>‍</p><p>‍</p><p>‍</p><p>‍</p>",,,https://adfin.com/changelog/automated-late-payment-fees
Optimised reminders for each customer,customer-agents-with-personalised-chasing,2026-06-03T00:00:00Z,Accountants & Bookkeepers,https://cdn.prod.website-files.com/663944fa0339e7ff8f65838d/6a1f0b797dbf49c479acf17c_Screenshot%202026-06-02%20at%2017.57.17.png,"<p>Most reminder sequences treat every customer the same: the same timing, the same channel, and the same follow-up.</p><p>‍</p><p>Customer agents with optimised reminders change that. You set the approach for each customer group, including the channels, persistence, and actions the agent can take. The agent then works out the best way to encourage each customer to pay.</p><p>‍</p><p>New customers start on a standard reminder sequence. Over time, the sequence adapts based on payment data, using the timing, channel, and cadence most likely to get invoices paid.</p><p>‍</p><p>This means:</p><ul><li>Faster payments with less manual work</li><li>More personalised payment reminders for your clients</li><li>Smarter chasing that improves as more payment data comes in</li></ul><p>‍</p><p>👉 Turn on client optimised chasing for an agent <a href=""https://console.adfin.com/customer-agents"">here</a></p><p>‍</p>","<p>Most reminder sequences treat every customer the same: the same timing, the same channel, and the same follow-up.</p><p>‍</p><p>Customer agents with optimised reminders change that. You set the approach for each customer group, including the channels, persistence, and actions the agent can take. The agent then works out the best way to encourage each customer to pay.</p><p>‍</p><p>New customers start on a standard reminder sequence. Over time, the sequence adapts based on payment data, using the timing, channel, and cadence most likely to get invoices paid.</p><p>‍</p><p>This means:</p><ul><li>Faster payments with less manual work</li><li>More personalised payment reminders for your clients</li><li>Smarter chasing that improves as more payment data comes in</li></ul><p>‍</p><p>👉 Turn on client optimised chasing for an agent <a href=""https://console.adfin.com/customer-agents"">here</a></p><p>‍</p><p>‍</p>",,,https://adfin.com/changelog/customer-agents-with-personalised-chasing
Introducing customer agents,customer-agents,2026-06-03T00:00:00Z,Accountants & Bookkeepers,https://cdn.prod.website-files.com/663944fa0339e7ff8f65838d/6a1f0ba90a1998c84cb011b3_Screenshot%202026-06-02%20at%2017.58.09.png,"<p>Customer agents let you manage how payments are collected for different groups of customers. </p><p>‍</p><p>Each agent brings together the rules for when to send reminders, how to communicate with customers, which payment options to offer, and what actions to take to help you get paid. </p><p>‍</p><p>If your an existing Adfin user, customer agents replace and upgrade existing workflows. Your current setup has been migrated automatically, so there is no &nbsp;change to how you collect or manage payment collections.</p><p>‍</p><p>As part of this launch, we’re also introducing support for late fees, giving teams more flexibility to apply charges to overdue invoices where needed.</p><p>‍</p><p>You’ll see customer agents in your Adfin account as part of our staged rollout. </p><p>‍</p><p>👉 You can view your customer agents <a href=""https://console.adfin.com/customer-agents"">here</a></p><p>‍</p>","<p>Customer agents let you manage how payments are collected for different groups of customers. </p><p>‍</p><p>Each agent brings together the rules for when to send reminders, how to communicate with customers, which payment options to offer, and what actions to take to help you get paid. </p><p>‍</p><p>If your an existing Adfin user, customer agents replace and upgrade existing workflows. Your current setup has been migrated automatically, so there is no &nbsp;change to how you collect or manage payment collections.</p><p>‍</p><p>As part of this launch, we’re also introducing support for late fees, giving teams more flexibility to apply charges to overdue invoices where needed.</p><p>‍</p><p>You’ll see customer agents in your Adfin account as part of our staged rollout. </p><p>‍</p><p>👉 You can view your customer agents <a href=""https://console.adfin.com/customer-agents"">here</a></p><p>‍</p><p>‍</p><p>‍</p><p>‍</p>",,,https://adfin.com/changelog/customer-agents
Cancel a direct debit mandate while payments are being collected,cancel-a-direct-debit-mandate-while-payments-are-being-collected,2026-06-15T00:00:00Z,Accountants & Bookkeepers,,"<p>‍</p><p>Sometimes a customer may ask you to cancel their direct debit mandate while a payment is already being collected.</p><p>‍</p><p>If the collection has already started, it cannot be cancelled. You can now queue the mandate to be cancelled automatically once the payment collection is complete.</p><p>‍</p><p>If the payment fails, we won’t retry the collection. We’ll simply cancel the mandate.</p><p>‍</p><p>👉 To do this, select the customer, open <strong>More options</strong> in the side tray, and click <strong>Cancel mandate</strong>.</p>","<p>‍</p><p>Sometimes a customer may ask you to cancel their direct debit mandate while a payment is already being collected.</p><p>‍</p><p>If the collection has already started, it cannot be cancelled. You can now queue the mandate to be cancelled automatically once the payment collection is complete.</p><p>‍</p><p>If the payment fails, we won’t retry the collection. We’ll simply cancel the mandate.</p><p>‍</p><p>👉 To do this, select the customer, open <strong>More options</strong> in the side tray, and click <strong>Cancel mandate</strong>.</p><p>‍</p>",,,https://adfin.com/changelog/cancel-a-direct-debit-mandate-while-payments-are-being-collected
Bulk payments from customer statements,bulk-payments-from-customer-statements,2026-07-06T00:00:00Z,Accountants & Bookkeepers,https://cdn.prod.website-files.com/663944fa0339e7ff8f65838d/6a5de6d865f790f9c12385e0_Screenshot%202026-07-20%20at%2010.13.12.png,"<p>Your customers can now pay multiple outstanding invoices and payment requests directly from their customer statement.</p><p>‍</p><p>When they receive a statement, they can choose which items they’d like to pay and make one payment for the selected total.</p>","<p>Your customers can now pay multiple outstanding invoices and payment requests directly from their customer statement.</p><p>‍</p><p>When they receive a statement, they can choose which items they’d like to pay and make one payment for the selected total.</p><p>‍</p>",,,https://adfin.com/changelog/bulk-payments-from-customer-statements
Take phone payments for multiple invoices,take-phone-payments-for-multiple-invoices,2026-07-06T00:00:00Z,Accountants & Bookkeepers,https://cdn.prod.website-files.com/663944fa0339e7ff8f65838d/6a5de70765f790f9c123a521_Screenshot%202026-07-20%20at%2010.13.21.png,"<p>You can now take a single card payment over the phone for multiple outstanding invoices and payment requests.</p><p>‍</p><p>When you select a customer, you’ll be able to choose which items they want to pay, then complete the payment using the card details they provide.</p><p>‍</p>","<p>You can now take a single card payment over the phone for multiple outstanding invoices and payment requests.</p><p>‍</p><p>When you select a customer, you’ll be able to choose which items they want to pay, then complete the payment using the card details they provide.</p><p>‍</p>",,,https://adfin.com/changelog/take-phone-payments-for-multiple-invoices
